from,to,vote,relationship,year,weight
Sharif Mukhammad,Ousmane Dembélé,5,4,2025,NA
Berat Djimsiti,Ousmane Dembélé,5,4,2025,NA
Riyad Mahrez,Ousmane Dembélé,5,4,2025,NA
Roy Ledoux,Lamine Yamal,5,4,2025,NA
Marc Pujol Pons,Pedri,5,4,2025,NA
Fredy Ribeiro,Ousmane Dembélé,5,4,2025,NA
Germain Hughes,Ousmane Dembélé,5,4,2025,NA
Luther Wildin,Ousmane Dembélé,5,4,2025,NA
Lionel Messi,Ousmane Dembélé,5,4,2025,NA
Esuard Spertsian,Ousmane Dembélé,5,4,2025,NA
Matthew Robert Lentink,Vitinha,5,4,2025,NA
Mathew Ryan,Harry Kane,5,4,2025,NA
David Alaba,Kylian Mbappé,5,2,2025,NA
Emin Makhmudov,Kylian Mbappé,5,4,2025,NA
Vance Wheaton,Ousmane Dembélé,5,4,2025,NA
Sayed Dhiya,Pedri,5,4,2025,NA
Jamal Bhuyan,Vitinha,5,4,2025,NA
Andre Applewhaite,Nuno Mendes,5,4,2025,NA
Alexandr Martynovich,Lamine Yamal,5,4,2025,NA
Youri Tielemans,Ousmane Dembélé,5,4,2025,NA
Steve Mounie,Ousmane Dembélé,5,4,2025,NA
Dante Leverock,Kylian Mbappé,5,4,2025,NA
Nima Wangdi,Nuno Mendes,5,4,2025,NA
Luis Fernando Haquin Lopez,Ousmane Dembélé,5,4,2025,NA
Edin Dzeko,Ousmane Dembélé,5,4,2025,NA
Kabelo Seakanyeng,Achraf Hakimi,5,4,2025,NA
Marcos Aoás Corrêa,Ousmane Dembélé,5,2,2025,NA
Tsharne Gallimore,Ousmane Dembélé,5,4,2025,NA
Muhammad Azwan Ali Rahman,Lamine Yamal,5,4,2025,NA
Kiril Despodov,Ousmane Dembélé,5,4,2025,NA
Bertrand Traoré,Ousmane Dembélé,5,4,2025,NA
Frederic Nsabiyumva,Ousmane Dembélé,5,4,2025,NA
Ryan Mendes,Vitinha,5,4,2025,NA
Krya Saret,Ousmane Dembélé,5,4,2025,NA
Alphonso Davies,Harry Kane,5,2,2025,NA
Dandre Rowe,Lamine Yamal,5,4,2025,NA
Cherubin Bassé,Ousmane Dembélé,5,4,2025,NA
Marius Mouandilmadji,Ousmane Dembélé,5,4,2025,NA
Gabriel Suazo,Ousmane Dembélé,5,4,2025,NA
Yuning Zhang,Kylian Mbappé,5,4,2025,NA
Po Liang Chen,Ousmane Dembélé,5,4,2025,NA
James Rodríguez,Ousmane Dembélé,5,4,2025,NA
Youssouf Mchangama,Achraf Hakimi,5,4,2025,NA
Bérenger Richy Itoua,Achraf Hakimi,5,4,2025,NA
Chancel Mbemba,Ousmane Dembélé,5,4,2025,NA
Thane Beal,Cole Palmer,5,4,2025,NA
Francisco Calvo,Kylian Mbappé,5,4,2025,NA
Luka Modric,Vitinha,5,4,2025,NA
Luis Javier Paradela Diaz,Ousmane Dembélé,5,4,2025,NA
Kostakis Artymatas,Ousmane Dembélé,5,4,2025,NA
Tomas Soucek,Ousmane Dembélé,5,4,2025,NA
Pierre Emile Højbjerg,Ousmane Dembélé,5,4,2025,NA
Idriss Blha,Lamine Yamal,5,4,2025,NA
Travist Joseph,Nuno Mendes,5,4,2025,NA
Jean Carlos López Moscoso,Kylian Mbappé,5,4,2025,NA
Enner Valencia,Ousmane Dembélé,5,4,2025,NA
Mohamed Salah,Achraf Hakimi,5,4,2025,NA
Julio Sibrian,Ousmane Dembélé,5,4,2025,NA
Harry Kane,Ousmane Dembélé,5,4,2025,NA
Karol Mets,Ousmane Dembélé,5,4,2025,NA
Lindo Thembinkosi Mkhonta,Achraf Hakimi,5,4,2025,NA
Hayder Sherefa,Ousmane Dembélé,5,4,2025,NA
Hallur Hansson,Ousmane Dembélé,5,4,2025,NA
Roy Krishna,Ousmane Dembélé,5,4,2025,NA
Lukas Hradecky,Vitinha,5,4,2025,NA
Bruno Ecuele Manga,Achraf Hakimi,5,4,2025,NA
Omar Colley,Ousmane Dembélé,5,4,2025,NA
Guram Kashia,Ousmane Dembélé,5,4,2025,NA
Joshua Kimmich,Vitinha,5,4,2025,NA
Jordan Ayew,Cole Palmer,5,4,2025,NA
Graeme Torrilla,Raphinha,5,4,2025,NA
Anastasios Bakasetas,Ousmane Dembélé,5,4,2025,NA
Regan Charles-Cook,Ousmane Dembélé,5,4,2025,NA
Jason Ryan Quitugua Cunliffe,Ousmane Dembélé,5,4,2025,NA
José Carlos Pinto Samayoa,Ousmane Dembélé,5,4,2025,NA
Issiagia Sylla,Kylian Mbappé,5,4,2025,NA
Jorge Nogueira,Nuno Mendes,5,4,2025,NA
Antony Lozano,Vitinha,5,4,2025,NA
Hung Fai Yapp,Ousmane Dembélé,5,4,2025,NA
Dominik Szoboszlai,Mohamed Salah,5,2,2025,NA
Orri Óskarsson,Kylian Mbappé,5,4,2025,NA
Gurpreet Singh Sandhu,Ousmane Dembélé,5,4,2025,NA
Jay Idzes,Ousmane Dembélé,5,4,2025,NA
Alireza Jahanbakhsh,Ousmane Dembélé,5,4,2025,NA
Jalal Hassan ,Kylian Mbappé,5,4,2025,NA
Eliezer Dasa,Vitinha,5,4,2025,NA
Gianluigi Donnarumma,Ousmane Dembélé,5,2,2025,NA
Wataru Endo,Mohamed Salah,5,2,2025,NA
Ehsan Haddad,Achraf Hakimi,5,4,2025,NA
Nuraly Alip,Ousmane Dembélé,5,4,2025,NA
Michael Olunga Ogada,Achraf Hakimi,5,4,2025,NA
Jang Kuk Chol,Kylian Mbappé,5,4,2025,NA
Heung Min Son,Ousmane Dembélé,5,4,2025,NA
Amir Rrahmani,Ousmane Dembélé,5,4,2025,NA
Khaled Al Rashidi,Ousmane Dembélé,5,4,2025,NA
Kichin Valerii,Nuno Mendes,5,4,2025,NA
Bounphachan Bounkong,Kylian Mbappé,5,4,2025,NA
Kristers Tobers,Ousmane Dembélé,5,4,2025,NA
Mohamad Haidar,Ousmane Dembélé,5,4,2025,NA
Sekhoane Benedict Moerane,Ousmane Dembélé,5,4,2025,NA
Murad Al-Wuheeshi,Kylian Mbappé,5,4,2025,NA
Nicolas Hasler,Lamine Yamal,5,4,2025,NA
Fedor Cernych,Ousmane Dembélé,5,4,2025,NA
Laurent Jans,Vitinha,5,4,2025,NA
Chan Man,Achraf Hakimi,5,4,2025,NA
Rayan Raveloson,Ousmane Dembélé,5,4,2025,NA
Richard Mbulu,Ousmane Dembélé,5,4,2025,NA
Matthew Davies,Harry Kane,5,4,2025,NA
Ali Samooh,Ousmane Dembélé,5,4,2025,NA
Yves Bissouma,Ousmane Dembélé,5,4,2025,NA
Matthew Guillaumier,Ousmane Dembélé,5,4,2025,NA
Aly Abeid,Ousmane Dembélé,5,4,2025,NA
Lindsay Rose,Vitinha,5,4,2025,NA
Edson Omar Alvarez Velazquez,Ousmane Dembélé,5,4,2025,NA
Rata Vadim,Lamine Yamal,5,4,2025,NA
Tsendayush Khurelbaatar,Kylian Mbappé,5,4,2025,NA
Stevan Jovetic,Lamine Yamal,5,4,2025,NA
Brandon Comley,Ousmane Dembélé,5,4,2025,NA
Achraf Hakimi,Kylian Mbappé,5,4,2025,NA
Elias Pelembe,Lamine Yamal,5,4,2025,NA
Lwin Maung Maung,Ousmane Dembélé,5,4,2025,NA
Riaan Hanamub,Ousmane Dembélé,5,4,2025,NA
Kiran Limbu Chemjong,Ousmane Dembélé,5,4,2025,NA
Virgil Van Dijk,Mohamed Salah,5,2,2025,NA
Morgan Mathelon,Ousmane Dembélé,5,4,2025,NA
Chris Wood,Ousmane Dembélé,5,4,2025,NA
Juan Barrera,Ousmane Dembélé,5,4,2025,NA
Youssouf Oumarou,Achraf Hakimi,5,4,2025,NA
William Ekong,Ousmane Dembélé,5,4,2025,NA
Enis Bardhi,Ousmane Dembélé,5,4,2025,NA
Conor Bradley,Lamine Yamal,5,4,2025,NA
Martin Odegaard,Ousmane Dembélé,5,4,2025,NA
Fayiz Alrushaidi,Kylian Mbappé,5,4,2025,NA
Abdullah Iqbal,Ousmane Dembélé,5,4,2025,NA
Musab Battat,Achraf Hakimi,5,4,2025,NA
Anibal Godoy,Ousmane Dembélé,5,4,2025,NA
Raymond Gunemba,Mohamed Salah,5,4,2025,NA
Gustavo Gomez,Ousmane Dembélé,5,4,2025,NA
Pedro Gallese,Kylian Mbappé,5,4,2025,NA
Amani Aguinaldo,Ousmane Dembélé,5,4,2025,NA
Robert Lewandowski,Lamine Yamal,5,2,2025,NA
Bernardo Silva,Vitinha,5,1,2025,NA
Leandro Antonetti,Ousmane Dembélé,5,4,2025,NA
Hassan Alhaydos,Achraf Hakimi,5,4,2025,NA
Nathan Collins,Ousmane Dembélé,5,4,2025,NA
Ianis Hagi,Lamine Yamal,5,4,2025,NA
Aleksandr Golovin,Kylian Mbappé,5,4,2025,NA
Djihad Bizimana ,Achraf Hakimi,5,4,2025,NA
Andrew Setefano,Mohamed Salah,5,4,2025,NA
Matteo Vitaioli,Lamine Yamal,5,4,2025,NA
Joel Neves,Achraf Hakimi,5,4,2025,NA
Salem Aldawsari,Ousmane Dembélé,5,4,2025,NA
Andrew Robertson,Mohamed Salah,5,2,2025,NA
Kalidou Koulibaly,Ousmane Dembélé,5,4,2025,NA
Aleksandar Mitrovic,Ousmane Dembélé,5,4,2025,NA
Elie Nelson Jr Sopha,Raphinha,5,4,2025,NA
Mustapha Bundu,Ousmane Dembélé,5,4,2025,NA
Hariss Harun,Ousmane Dembélé,5,4,2025,NA
Milan Škriniar,Ousmane Dembélé,5,4,2025,NA
Jan Oblak,Ousmane Dembélé,5,4,2025,NA
Javin Alick,Lamine Yamal,5,4,2025,NA
Abdulsamed Abdullahi,Ousmane Dembélé,5,4,2025,NA
Ronwen Williams,Ousmane Dembélé,5,4,2025,NA
Atir Thomas Tom Magor,Ousmane Dembélé,5,4,2025,NA
Unai Simon Mendibil,Lamine Yamal,5,1,2025,NA
Sujan Perera,Ousmane Dembélé,5,4,2025,NA
Julani Archibald,Ousmane Dembélé,5,4,2025,NA
Oalex Anderson,Ousmane Dembélé,5,4,2025,NA
Dion Malone,Ousmane Dembélé,5,4,2025,NA
Victor Lindelof,Ousmane Dembélé,5,4,2025,NA
Granit Xhaka,Ousmane Dembélé,5,4,2025,NA
Omar Khrbin,Ousmane Dembélé,5,4,2025,NA
Teaonui Tehau,Kylian Mbappé,5,4,2025,NA
Akhtam Nazarov,Kylian Mbappé,5,4,2025,NA
Mbwana Ally Samatta,Ousmane Dembélé,5,4,2025,NA
Chanathip Songkrasin,Ousmane Dembélé,5,4,2025,NA
Gali Freitas,Kylian Mbappé,5,4,2025,NA
Dakonam Ortega Djene,Achraf Hakimi,5,4,2025,NA
Hemaloto Polovili,Raphinha,5,4,2025,NA
Kevin Molino,Cole Palmer,5,4,2025,NA
Ferjani Sassi,Achraf Hakimi,5,4,2025,NA
Hakan Calhanoglu,Ousmane Dembélé,5,4,2025,NA
Elman Tagayev,Lamine Yamal,5,4,2025,NA
Makenson Cadet,Ousmane Dembélé,5,4,2025,NA
Aucho Khalid,Raphinha,5,4,2025,NA
Mykola Matvienko,Kylian Mbappé,5,4,2025,NA
Ali Khaseif,Mohamed Salah,5,4,2025,NA
Jose Gimenez,Ousmane Dembélé,5,4,2025,NA
Joshua Ramos,Kylian Mbappé,5,4,2025,NA
Tim Ream,Ousmane Dembélé,5,4,2025,NA
Eldor Shomurodov,Raphinha,5,4,2025,NA
Michel Kalmalap Coulon,Ousmane Dembélé,5,4,2025,NA
Salomón Rondón,Ousmane Dembélé,5,4,2025,NA
Manh Do,Ousmane Dembélé,5,4,2025,NA
Aaron Ramsey,Ousmane Dembélé,5,4,2025,NA
Harwan Alzubaidi,Ousmane Dembélé,5,4,2025,NA
Lubambo Musonda,Ousmane Dembélé,5,4,2025,NA
Elias Ahmad Manouchehr,Kylian Mbappé,5,4,2025,NA
Sylvio Mendes Campos,Ousmane Dembélé,5,4,2025,NA
Vladimir Petkovic,Ousmane Dembélé,5,4,2025,NA
Travis Sinapati,Nuno Mendes,5,4,2025,NA
Koldo Alvarez De Eulate,Lamine Yamal,5,4,2025,NA
Patrice Alain Marie Beaumelle,Achraf Hakimi,5,4,2025,NA
Cleo Hamm,Ousmane Dembélé,5,4,2025,NA
Lionel Scaloni,Kylian Mbappé,5,4,2025,NA
Melikian Iegishe,Lamine Yamal,5,4,2025,NA
Marvic Bermudez,Raphinha,5,4,2025,NA
Tony Popovic,Ousmane Dembélé,5,4,2025,NA
Ralf Rangnick,Ousmane Dembélé,5,4,2025,NA
Aykhan Abbasov,Achraf Hakimi,5,4,2025,NA
Dragan Talajic,Achraf Hakimi,5,4,2025,NA
Javier Cabrera,Ousmane Dembélé,5,4,2025,NA
Kent Edward Hall,Nuno Mendes,5,4,2025,NA
Carlos Alos Ferrer,Lamine Yamal,5,4,2025,NA
Rudi Garcia,Achraf Hakimi,5,4,2025,NA
Philip Elexious Marin,Kylian Mbappé,5,4,2025,NA
Gernot Rohr,Kylian Mbappé,5,4,2025,NA
Michael Findlay,Ousmane Dembélé,5,4,2025,NA
Atsushi Nakamura,Ousmane Dembélé,5,4,2025,NA
Oscar Villegas,Lamine Yamal,5,4,2025,NA
Sergej Barbarez,Harry Kane,5,4,2025,NA
Morena Ramoreboli,Ousmane Dembélé,5,4,2025,NA
Carlo Ancelotti,Ousmane Dembélé,5,4,2025,NA
David Pérez Asensio,Achraf Hakimi,5,4,2025,NA
Fabio Joaquim Maciel Da Silva,Raphinha,5,4,2025,NA
Aleksandar Dimitrov,Kylian Mbappé,5,4,2025,NA
Brama Traoré,Ousmane Dembélé,5,4,2025,NA
Patrick Sangwa,Ousmane Dembélé,5,4,2025,NA
Pedro Leitão Brito,Lamine Yamal,5,4,2025,NA
Koji Gyotoku,Raphinha,5,4,2025,NA
Martin Felix Ndtoungou Mpile,Lamine Yamal,5,4,2025,NA
Jesse Marsch,Raphinha,5,4,2025,NA
Colin Rowe,Lamine Yamal,5,4,2025,NA
Eloge Enza-Yamissi,Raphinha,5,4,2025,NA
Raoul Savoy,Achraf Hakimi,5,4,2025,NA
Nicolas Córdova,Pedri,5,4,2025,NA
Jiayi Shao,Ousmane Dembélé,5,4,2025,NA
Matthew Barry Ross,Vitinha,5,4,2025,NA
Néstor Lorenzo,Harry Kane,5,4,2025,NA
Stefano Cusin,Achraf Hakimi,5,4,2025,NA
Fabrizio Cesana,Achraf Hakimi,5,4,2025,NA
Sébastien Desabre,Ousmane Dembélé,5,4,2025,NA
Tuka Tisam,Achraf Hakimi,5,4,2025,NA
Miguel Herrera Aguirre,Vitinha,5,4,2025,NA
Emerse Fae,Kylian Mbappé,5,4,2025,NA
Zlatko Dalić,Ousmane Dembélé,5,4,2025,NA
Pedro Pablo Pereira Mesa,Kylian Mbappé,5,4,2025,NA
Dean Gorre,Ousmane Dembélé,5,4,2025,NA
Apostolos Mantzios,Ousmane Dembélé,5,4,2025,NA
Jaroslav Köstl,Lamine Yamal,5,4,2025,NA
Brian Riemer,Kylian Mbappé,5,4,2025,NA
Stéphane Nado,Achraf Hakimi,5,4,2025,NA
Ellington Sabin,Ousmane Dembélé,5,4,2025,NA
Marcelo Neveleff,Achraf Hakimi,5,4,2025,NA
Sebastián Beccacece,Lamine Yamal,5,4,2025,NA
Hossam Hassan,Mohamed Salah,5,1,2025,NA
Hernán Gomez,Lamine Yamal,5,4,2025,NA
Thomas Tuchel,Harry Kane,5,1,2025,NA
Juan Micha Obiang Bicogo,Ousmane Dembélé,5,4,2025,NA
Jürgen Henn,Ousmane Dembélé,5,4,2025,NA
Sifiso Ntibane,Kylian Mbappé,5,4,2025,NA
Messay Teferi,Nuno Mendes,5,4,2025,NA
Eydun Klakstein,Ousmane Dembélé,5,4,2025,NA
Stephane Auvray,Achraf Hakimi,5,4,2025,NA
Jacob Friis,Ousmane Dembélé,5,4,2025,NA
Didier Deschamps,Ousmane Dembélé,5,1,2025,NA
Johnathan Mckinstry,Achraf Hakimi,5,4,2025,NA
Willy Sagnol,Ousmane Dembélé,5,4,2025,NA
Julian Nagelsmann,Vitinha,5,4,2025,NA
Nana Otto Addo,Ousmane Dembélé,5,4,2025,NA
Scott Wiseman,Harry Kane,5,4,2025,NA
Ivan Jovanovic,Lamine Yamal,5,4,2025,NA
Anthony Modeste,Cole Palmer,5,4,2025,NA
Ross Awa,Kylian Mbappé,5,4,2025,NA
Luis Fernando Tena Garduño,Ousmane Dembélé,5,4,2025,NA
Duarte Paulo,Nuno Mendes,5,4,2025,NA
Emiliano Te,Ousmane Dembélé,5,4,2025,NA
Thomas Dooley,Achraf Hakimi,5,4,2025,NA
Sébastien Migné,Achraf Hakimi,5,4,2025,NA
Reinaldo Rueda Rivera,Ousmane Dembélé,5,4,2025,NA
Ashley Westwood,Kylian Mbappé,5,4,2025,NA
Marco Rossi,Lamine Yamal,5,4,2025,NA
Arnar Gunnlaugsson,Ousmane Dembélé,5,4,2025,NA
Khalid Jamil,Ousmane Dembélé,5,4,2025,NA
Nova Arianto,Kylian Mbappé,5,4,2025,NA
Ardeshir Ghalehnoy,Ousmane Dembélé,5,4,2025,NA
Graham Arnold,Ousmane Dembélé,5,4,2025,NA
Ran Ben Simon,Vitinha,5,4,2025,NA
Gennaro Gattuso,Kylian Mbappé,5,4,2025,NA
Hajime Moriyasu,Kylian Mbappé,5,4,2025,NA
Jamal Sellami,Achraf Hakimi,5,4,2025,NA
Talgat Baisufinov,Ousmane Dembélé,5,4,2025,NA
Benni Mccarthy,Mohamed Salah,5,4,2025,NA
Yun Jong Su,Harry Kane,5,4,2025,NA
Myung Bo Hong,Ousmane Dembélé,5,4,2025,NA
Franco Foda,Ousmane Dembélé,5,4,2025,NA
Hélio Filipe Dias De Sousa,Vitinha,5,4,2025,NA
Urmat Abdukaimov,Ousmane Dembélé,5,4,2025,NA
Hyeok-Jun Ha,Ousmane Dembélé,5,4,2025,NA
Paolo Nicolato,Harry Kane,5,4,2025,NA
Miodrag Radulovic,Ousmane Dembélé,5,4,2025,NA
Leslie Makhetha Notsi,Ousmane Dembélé,5,4,2025,NA
Alejo Cissé,Mohamed Salah,5,4,2025,NA
Konrad Fünfstück,Ousmane Dembélé,5,4,2025,NA
Edgaras Jankauskas,Kylian Mbappé,5,4,2025,NA
Jeff Strasser,Ousmane Dembélé,5,4,2025,NA
Kar Lok Kenneth Kwok,Achraf Hakimi,5,4,2025,NA
Corentin Martins,Ousmane Dembélé,5,4,2025,NA
Kalisto Pasuwa,Achraf Hakimi,5,4,2025,NA
Peter Cklamovski,Harry Kane,5,4,2025,NA
Mohamed Siyaz,Ousmane Dembélé,5,4,2025,NA
Tom Saintfiet,Achraf Hakimi,5,4,2025,NA
Emilio De Leo,Ousmane Dembélé,5,4,2025,NA
Aritz López Garay,Ousmane Dembélé,5,4,2025,NA
Guillaume Moullec,Nuno Mendes,5,4,2025,NA
Javier Aguirre,Kylian Mbappé,5,4,2025,NA
Lilian Popescu,Nuno Mendes,5,4,2025,NA
Garidmagnai Bayasgalan,Vitinha,5,4,2025,NA
Mirko Vučinić,Kylian Mbappé,5,4,2025,NA
Angus Eve,Lamine Yamal,5,4,2025,NA
Hoalid Regragui,Achraf Hakimi,5,1,2025,NA
Francisco Queriol Conde Junior,Ousmane Dembélé,5,4,2025,NA
Myo Hlaing Win,Achraf Hakimi,5,4,2025,NA
Collin Benjamin,Achraf Hakimi,5,4,2025,NA
Hari Khadka,Ousmane Dembélé,5,4,2025,NA
Ronald Koeman,Ousmane Dembélé,5,4,2025,NA
Johan Sidaner,Vitinha,5,4,2025,NA
Darren Bazeley,Ousmane Dembélé,5,4,2025,NA
Marco Antonio Figueroa Montero,Ousmane Dembélé,5,4,2025,NA
Zakariaou Ibrahim,Achraf Hakimi,5,4,2025,NA
Blagoja Milevski,Ousmane Dembélé,5,4,2025,NA
Michael Oneill,Ousmane Dembélé,5,4,2025,NA
Ståle Solbakken,Vitinha,5,4,2025,NA
Carlos Queiroz,Vitinha,5,4,2025,NA
Nolberto Albino Solano Todco,Vitinha,5,4,2025,NA
Ehab Abu Jazar,Mohamed Salah,5,4,2025,NA
Thomas Christiansen,Ousmane Dembélé,5,4,2025,NA
David Muta,Mohamed Salah,5,4,2025,NA
Gustavo Alfaro,Ousmane Dembélé,5,4,2025,NA
Manuel Barreto,Ousmane Dembélé,5,4,2025,NA
Carles Cuadrat,Lamine Yamal,5,4,2025,NA
Jan Urban,Harry Kane,5,4,2025,NA
Roberto Martinez,Nuno Mendes,5,1,2025,NA
Charlie Trout,Vitinha,5,4,2025,NA
Julen Lopetegui,Vitinha,5,4,2025,NA
Heimir Hallgrimsson,Mohamed Salah,5,4,2025,NA
Mircea Lucescu,Harry Kane,5,4,2025,NA
Valeri Karpin,Vitinha,5,4,2025,NA
Adel Amrouche,Achraf Hakimi,5,4,2025,NA
Valerio Raccuglia,Achraf Hakimi,5,4,2025,NA
Roberto Cevoli,Lamine Yamal,5,4,2025,NA
Ricardo Monsanto,Achraf Hakimi,5,4,2025,NA
Herve Renard,Lamine Yamal,5,4,2025,NA
Steve Clarke,Ousmane Dembélé,5,4,2025,NA
Pape Bouna Thiaw,Ousmane Dembélé,5,4,2025,NA
Veljko Paunovic,Kylian Mbappé,5,4,2025,NA
Ralph Jean-Louis,Ousmane Dembélé,5,4,2025,NA
Mohamed Kallon,Ousmane Dembélé,5,4,2025,NA
Gavin Lee,Ousmane Dembélé,5,4,2025,NA
Francesco Calzona,Vitinha,5,4,2025,NA
Matjaž Kek,Ousmane Dembélé,5,4,2025,NA
Josh Smith,Lamine Yamal,5,4,2025,NA
Yusuf Ali,Ousmane Dembélé,5,4,2025,NA
Hugo Broos,Harry Kane,5,4,2025,NA
Simon James Yor Kak,Achraf Hakimi,5,4,2025,NA
Luis De La Fuente Castillo,Pedri,5,1,2025,NA
Abdullah Almutairi,Raphinha,5,4,2025,NA
Travis Rogers,Lamine Yamal,5,4,2025,NA
Stern John,Ousmane Dembélé,5,4,2025,NA
Ezra Hendrickson,Ousmane Dembélé,5,4,2025,NA
James Appiah,Achraf Hakimi,5,4,2025,NA
Stanley Menzo,Ousmane Dembélé,5,4,2025,NA
Graham Potter,Ousmane Dembélé,5,4,2025,NA
Murat Yakin,Lamine Yamal,5,4,2025,NA
Jose Lana Fernández,Ousmane Dembélé,5,4,2025,NA
Raimana Buluc,Ousmane Dembélé,5,4,2025,NA
Goran Stevanovic,Ousmane Dembélé,5,4,2025,NA
Miguel Angel Gamondi,Lamine Yamal,5,4,2025,NA
Anthony Hudson,Lamine Yamal,5,4,2025,NA
José Pedro Alves Salazar,Ousmane Dembélé,5,4,2025,NA
Dare Nibombe,Ousmane Dembélé,5,4,2025,NA
Kilifi Solia Uele,Pedri,5,4,2025,NA
Dwight Yorke,Mohamed Salah,5,4,2025,NA
Trabelsi Sami,Achraf Hakimi,5,4,2025,NA
Vincenzo Montella,Pedri,5,4,2025,NA
Rovshen Meredov,Ousmane Dembélé,5,4,2025,NA
Aaron Lawrence,Harry Kane,5,4,2025,NA
Paul Put,Kylian Mbappé,5,4,2025,NA
Serhii Rebrov,Kylian Mbappé,5,4,2025,NA
Olaroiu Cosmin,Vitinha,5,4,2025,NA
Marcelo Bielsa,Kylian Mbappé,5,4,2025,NA
Terrence Jones,Ousmane Dembélé,5,4,2025,NA
Mauricio Pochettino,Ousmane Dembélé,5,4,2025,NA
Fabio Cannavaro,Ousmane Dembélé,5,4,2025,NA
Lars Hopp,Harry Kane,5,4,2025,NA
Oswaldo Vizcarrondo,Ousmane Dembélé,5,4,2025,NA
Sang Sik Kim,Cole Palmer,5,4,2025,NA
Noureddine Ouldali,Achraf Hakimi,5,4,2025,NA
Moses Sichone,Ousmane Dembélé,5,4,2025,NA
Mario Marinica,Harry Kane,5,4,2025,NA
Sayer Zaland,Ousmane Dembélé,5,4,2025,NA
Endi Tufa,Ousmane Dembélé,5,4,2025,NA
Mohammed Rachid Belarbi,Raphinha,5,4,2025,NA
Victor Duaso Saludas,Lamine Yamal,5,4,2025,NA
Geraldo Quiala,Lamine Yamal,5,4,2025,NA
Claudio Mauri,Lamine Yamal,5,4,2025,NA
Robert Gasparyan,Raphinha,5,4,2025,NA
Andrew Vrolijk,Ousmane Dembélé,5,4,2025,NA
Vince Rugari,Harry Kane,5,4,2025,NA
Stefan Grüneis,Ousmane Dembélé,5,4,2025,NA
Rasim Mövsümov,Ousmane Dembélé,5,4,2025,NA
Abdulla Ashoor,Mohamed Salah,5,4,2025,NA
Zaman Rejwan Uz,Ousmane Dembélé,5,4,2025,NA
Sergey Nikolaev,Ousmane Dembélé,5,4,2025,NA
Kristof Terreur,Lamine Yamal,5,4,2025,NA
Mehluli Sibanda,Ousmane Dembélé,5,4,2025,NA
Thinley Namgay,Ousmane Dembélé,5,4,2025,NA
Rainer Durán Urquizu,Kylian Mbappé,5,4,2025,NA
Emir Delić,Lamine Yamal,5,4,2025,NA
Gaone Pearl Kerileng,Ousmane Dembélé,5,4,2025,NA
Carlos Eduardo Mansur,Lamine Yamal,5,4,2025,NA
Boyan Boychev,Ousmane Dembélé,5,4,2025,NA
Siriki Dramé,Achraf Hakimi,5,4,2025,NA
Liliane Nshimirimana,Ousmane Dembélé,5,4,2025,NA
Chamroeun Ung,Ousmane Dembélé,5,4,2025,NA
Angu Lesley Ngwa Akonwi,Ousmane Dembélé,5,4,2025,NA
Neil Davidson,Ousmane Dembélé,5,4,2025,NA
Bienvenu Elie Gbelo,Kylian Mbappé,5,4,2025,NA
Salahadine Mahamat Sabour,Ousmane Dembélé,5,4,2025,NA
Danilo Díaz,Vitinha,5,4,2025,NA
Dexing Ma,Ousmane Dembélé,5,4,2025,NA
Chihwei Hung,Ousmane Dembélé,5,4,2025,NA
Diego Rueda ,Ousmane Dembélé,5,4,2025,NA
Djouma Elie-Dine,Ousmane Dembélé,5,4,2025,NA
Michel Tobo,Raphinha,5,4,2025,NA
Rashneel Kumar Madhur,Ousmane Dembélé,5,4,2025,NA
David Goldberg,Ousmane Dembélé,5,4,2025,NA
Malick Traoré,Ousmane Dembélé,5,4,2025,NA
Robert Matteoni,Ousmane Dembélé,5,4,2025,NA
Yasiel Cancio,Ousmane Dembélé,5,4,2025,NA
Carl Ruiter,Ousmane Dembélé,5,4,2025,NA
Andreas Violaris,Vitinha,5,4,2025,NA
Jan Palička,Lamine Yamal,5,4,2025,NA
Klaus Egelund,Mohamed Salah,5,4,2025,NA
Yacin Ahmed Moussa,Ousmane Dembélé,5,4,2025,NA
Garvin Richards,Ousmane Dembélé,5,4,2025,NA
Jorge Rolando `,Ousmane Dembélé,5,4,2025,NA
Tito Rosales Cox,Ousmane Dembélé,5,4,2025,NA
Hady Elmadany,Mohamed Salah,5,1,2025,NA
Josué Valiente,Ousmane Dembélé,5,4,2025,NA
John Cross,Ousmane Dembélé,5,4,2025,NA
Yolanda Aseco Esono Mangue,Lamine Yamal,5,4,2025,NA
Michael Seium,Mohamed Salah,5,4,2025,NA
Aet Suvari,Ousmane Dembélé,5,4,2025,NA
Ashmond Innocent Nzima,Cole Palmer,5,4,2025,NA
Hussen Abdulkeni,Ousmane Dembélé,5,4,2025,NA
Símun Christian Olsen,Mohamed Salah,5,4,2025,NA
Anssi Karjalainen,Ousmane Dembélé,5,4,2025,NA
Cyrille De La Morinerie,Ousmane Dembélé,5,1,2025,NA
Momodou Bah,Ousmane Dembélé,5,4,2025,NA
Mamuka Kvaratskhelia,Ousmane Dembélé,5,4,2025,NA
Georg Holzner,Ousmane Dembélé,5,4,2025,NA
Gary Al Smith,Ousmane Dembélé,5,4,2025,NA
Stephen Ignacio,Mohamed Salah,5,4,2025,NA
Nikolaos Kotsis,Ousmane Dembélé,5,4,2025,NA
Michael Bascombe,Mohamed Salah,5,4,2025,NA
Joseph Santo Tomas,Mohamed Salah,5,4,2025,NA
Carlos Marín Noriega,Ousmane Dembélé,5,4,2025,NA
Alpha Mady Touré,Ousmane Dembélé,5,4,2025,NA
Rawle Toney,Ousmane Dembélé,5,4,2025,NA
Lutherson Leon,Ousmane Dembélé,5,4,2025,NA
Gonzalo Carias,Ousmane Dembélé,5,4,2025,NA
Ho Yin Kwok,Mohamed Salah,5,4,2025,NA
György Szöllösi,Ousmane Dembélé,5,4,2025,NA
Vidir Sigurdsson,Ousmane Dembélé,5,4,2025,NA
Dhiman Sarkar,Ousmane Dembélé,5,4,2025,NA
Muhamad Rais Adnan,Ousmane Dembélé,5,4,2025,NA
Masoud Hossein,Ousmane Dembélé,5,4,2025,NA
Arshed Alsaedi,Raphinha,5,4,2025,NA
Uri Dagon,Ousmane Dembélé,5,4,2025,NA
Pierluigi Pardo,Ousmane Dembélé,5,4,2025,NA
Brian Lewis,Ousmane Dembélé,5,4,2025,NA
Hideo Tamaru,Ousmane Dembélé,5,4,2025,NA
Taiser Alomiri,Kylian Mbappé,5,4,2025,NA
Geniy Tulegenov,Achraf Hakimi,5,4,2025,NA
Eric Njiru,Mohamed Salah,5,4,2025,NA
Gun Lee,Ousmane Dembélé,5,4,2025,NA
Lavdim Pireva,Ousmane Dembélé,5,4,2025,NA
Abdulaziz Jassim,Ousmane Dembélé,5,4,2025,NA
Bakyt Shukuraliev,Vitinha,5,4,2025,NA
Ekasanh Thipphachack,Ousmane Dembélé,5,4,2025,NA
Ilvars Koscinkevics,Vitinha,5,4,2025,NA
Hachem Makkeh,Mohamed Salah,5,4,2025,NA
Moorosi Simon Tsiane,Ousmane Dembélé,5,4,2025,NA
Anthony Kokoi,Achraf Hakimi,5,4,2025,NA
Haithem Elamari,Achraf Hakimi,5,4,2025,NA
Jan Stärker,Harry Kane,5,4,2025,NA
Mindaugas Augustis,Ousmane Dembélé,5,4,2025,NA
Christelle Diederich,Lamine Yamal,5,4,2025,NA
Samson Randrianiheriniaina,Achraf Hakimi,5,4,2025,NA
Peter Kanjere,Ousmane Dembélé,5,4,2025,NA
Ajitpal Singh Dhaliwal,Lamine Yamal,5,4,2025,NA
Azzam Ali,Ousmane Dembélé,5,4,2025,NA
Boubacar Diakite,Ousmane Dembélé,5,4,2025,NA
Domenic Aquilina,Harry Kane,5,4,2025,NA
Brahim Sow Deïna,Achraf Hakimi,5,4,2025,NA
Francisco Javier González,Ousmane Dembélé,5,4,2025,NA
Alex Fosa,Ousmane Dembélé,5,4,2025,NA
Enkhtuvshin Tserensodnom,Ousmane Dembélé,5,4,2025,NA
Danilo Mitrovic,Harry Kane,5,4,2025,NA
Basil Chambers,Ousmane Dembélé,5,4,2025,NA
Jalal Bounouar,Achraf Hakimi,5,1,2025,NA
João Arnaldo Carlija Chivale,Ousmane Dembélé,5,4,2025,NA
Sheefeni Nikodemus,Ousmane Dembélé,5,4,2025,NA
Bikram Thapa,Ousmane Dembélé,5,4,2025,NA
Jaap De Groot,Ousmane Dembélé,5,4,2025,NA
Martin Charmasson,Ousmane Dembélé,5,4,2025,NA
Michael Burgess,Ousmane Dembélé,5,4,2025,NA
Jose Nectali Mora Zeledon,Ousmane Dembélé,5,4,2025,NA
Abdel Malik Koudizé,Ousmane Dembélé,5,4,2025,NA
Oluwashina Okeleji,Ousmane Dembélé,5,4,2025,NA
Igor Panevski,Ousmane Dembélé,5,4,2025,NA
Mark Mcintosh,Ousmane Dembélé,5,4,2025,NA
Morten Pedersen,Vitinha,5,4,2025,NA
Nasser Darwish,Achraf Hakimi,5,4,2025,NA
Chaudhry Muhammad Ashraf,Mohamed Salah,5,4,2025,NA
Majdi Qasem,Achraf Hakimi,5,4,2025,NA
David Samudio Garay,Ousmane Dembélé,5,4,2025,NA
Patricia Keamo,Ousmane Dembélé,5,4,2025,NA
Edgar Cantero,Ousmane Dembélé,5,4,2025,NA
Pedro Eduardo Canelo Quispe,Ousmane Dembélé,5,4,2025,NA
Ryan Fenix,Ousmane Dembélé,5,4,2025,NA
Michal Pol,Ousmane Dembélé,5,4,2025,NA
Vítor Serpa,Ousmane Dembélé,5,4,2025,NA
Esteban Pagán Rivera,Ousmane Dembélé,5,4,2025,NA
Ali Almslmani,Kylian Mbappé,5,4,2025,NA
Philip Quinn,Ousmane Dembélé,5,4,2025,NA
Theodor Jumatate,Ousmane Dembélé,5,4,2025,NA
Oleg Koshelev,Ousmane Dembélé,5,4,2025,NA
Eddie Nsabimana,Ousmane Dembélé,5,4,2025,NA
Elia Gorini,Ousmane Dembélé,5,4,2025,NA
Sultan Almohawes,Ousmane Dembélé,5,4,2025,NA
Scott Mcdermott,Vitinha,5,4,2025,NA
Thierno Souleymane Diallo,Ousmane Dembélé,5,4,2025,NA
Milan Rasevic,Ousmane Dembélé,5,4,2025,NA
Sahr Morris Jr,Ousmane Dembélé,5,4,2025,NA
David Lee,Kylian Mbappé,5,4,2025,NA
Michal Zeman,Ousmane Dembélé,5,4,2025,NA
Anze Baselj,Vitinha,5,4,2025,NA
Crofton Utukana,Kylian Mbappé,5,4,2025,NA
Gamadiid Guurre,Cole Palmer,5,4,2025,NA
Robert Marawa,Ousmane Dembélé,5,4,2025,NA
Albino Kuek Deng Kuach,Kylian Mbappé,5,4,2025,NA
Juan Ignacio Gallardo,Ousmane Dembélé,5,4,2025,NA
Neville Victor Anthony,Nuno Mendes,5,4,2025,NA
Terry Finisterre,Ousmane Dembélé,5,4,2025,NA
Tahir Salih,Ousmane Dembélé,5,4,2025,NA
Desney Romeo,Ousmane Dembélé,5,4,2025,NA
Simon Bank,Ousmane Dembélé,5,4,2025,NA
Tobias Wedermann,Ousmane Dembélé,5,4,2025,NA
Mohamad Nadim Aljabi,Mohamed Salah,5,4,2025,NA
Olivier Huc,Ousmane Dembélé,5,4,2025,NA
Faridun Saliev,Ousmane Dembélé,5,4,2025,NA
Evance Mhando,Ousmane Dembélé,5,4,2025,NA
Kim Junumporn,Ousmane Dembélé,5,4,2025,NA
Kodjo Sedem Gounoubou,Lamine Yamal,5,4,2025,NA
Justin Akauola,Raphinha,5,4,2025,NA
Ian Prescott,Ousmane Dembélé,5,4,2025,NA
Tarek Ghdiri,Ousmane Dembélé,5,4,2025,NA
Serkan Saydam,Ousmane Dembélé,5,4,2025,NA
Alexander Vershinin,Raphinha,5,4,2025,NA
Mayamba Stephen,Ousmane Dembélé,5,4,2025,NA
Valerii Novobranets,Ousmane Dembélé,5,4,2025,NA
Omran Mohamed,Ousmane Dembélé,5,4,2025,NA
Rómulo Martínez Chenlo,Lamine Yamal,5,4,2025,NA
Amara Gilbert,Kylian Mbappé,5,4,2025,NA
Douglas Mcintyre,Lamine Yamal,5,4,2025,NA
Davron Fayziev,Ousmane Dembélé,5,4,2025,NA
Humberto Perozo Suárez,Ousmane Dembélé,5,4,2025,NA
Minh Viet Nguyen,Ousmane Dembélé,5,4,2025,NA
Paul Abbandonato,Ousmane Dembélé,5,4,2025,NA
Basheer Senan,Lamine Yamal,5,4,2025,NA
Elias Chipepo,Ousmane Dembélé,5,4,2025,NA
Sikhumbuzo Moyo,Ousmane Dembélé,5,4,2025,NA
Sharif Mukhammad,Vitinha,3,4,2025,NA
Berat Djimsiti,Nuno Mendes,3,4,2025,NA
Riyad Mahrez,Achraf Hakimi,3,4,2025,NA
Roy Ledoux,Cole Palmer,3,4,2025,NA
Marc Pujol Pons,Vitinha,3,4,2025,NA
Fredy Ribeiro,Raphinha,3,4,2025,NA
Germain Hughes,Lamine Yamal,3,4,2025,NA
Luther Wildin,Achraf Hakimi,3,4,2025,NA
Lionel Messi,Kylian Mbappé,3,4,2025,NA
Esuard Spertsian,Pedri,3,4,2025,NA
Matthew Robert Lentink,Ousmane Dembélé,3,4,2025,NA
Mathew Ryan,Ousmane Dembélé,3,4,2025,NA
David Alaba,Achraf Hakimi,3,4,2025,NA
Emin Makhmudov,Ousmane Dembélé,3,4,2025,NA
Vance Wheaton,Cole Palmer,3,4,2025,NA
Sayed Dhiya,Lamine Yamal,3,4,2025,NA
Jamal Bhuyan,Ousmane Dembélé,3,4,2025,NA
Andre Applewhaite,Ousmane Dembélé,3,4,2025,NA
Alexandr Martynovich,Kylian Mbappé,3,4,2025,NA
Youri Tielemans,Lamine Yamal,3,4,2025,NA
Steve Mounie,Raphinha,3,4,2025,NA
Dante Leverock,Ousmane Dembélé,3,4,2025,NA
Nima Wangdi,Vitinha,3,4,2025,NA
Luis Fernando Haquin Lopez,Cole Palmer,3,4,2025,NA
Edin Dzeko,Lamine Yamal,3,4,2025,NA
Kabelo Seakanyeng,Lamine Yamal,3,4,2025,NA
Marcos Aoás Corrêa,Raphinha,3,1,2025,NA
Tsharne Gallimore,Cole Palmer,3,4,2025,NA
Muhammad Azwan Ali Rahman,Ousmane Dembélé,3,4,2025,NA
Kiril Despodov,Kylian Mbappé,3,4,2025,NA
Bertrand Traoré,Lamine Yamal,3,4,2025,NA
Frederic Nsabiyumva,Kylian Mbappé,3,4,2025,NA
Ryan Mendes,Ousmane Dembélé,3,4,2025,NA
Krya Saret,Achraf Hakimi,3,4,2025,NA
Alphonso Davies,Ousmane Dembélé,3,4,2025,NA
Dandre Rowe,Ousmane Dembélé,3,4,2025,NA
Cherubin Bassé,Kylian Mbappé,3,4,2025,NA
Marius Mouandilmadji,Lamine Yamal,3,4,2025,NA
Gabriel Suazo,Lamine Yamal,3,4,2025,NA
Yuning Zhang,Ousmane Dembélé,3,4,2025,NA
Po Liang Chen,Vitinha,3,4,2025,NA
James Rodríguez,Kylian Mbappé,3,4,2025,NA
Youssouf Mchangama,Ousmane Dembélé,3,4,2025,NA
Bérenger Richy Itoua,Kylian Mbappé,3,4,2025,NA
Chancel Mbemba,Achraf Hakimi,3,4,2025,NA
Thane Beal,Ousmane Dembélé,3,4,2025,NA
Francisco Calvo,Pedri,3,4,2025,NA
Luka Modric,Ousmane Dembélé,3,4,2025,NA
Luis Javier Paradela Diaz,Kylian Mbappé,3,4,2025,NA
Kostakis Artymatas,Vitinha,3,4,2025,NA
Tomas Soucek,Lamine Yamal,3,4,2025,NA
Pierre Emile Højbjerg,Kylian Mbappé,3,4,2025,NA
Idriss Blha,Ousmane Dembélé,3,4,2025,NA
Travist Joseph,Vitinha,3,4,2025,NA
Jean Carlos López Moscoso,Ousmane Dembélé,3,4,2025,NA
Enner Valencia,Kylian Mbappé,3,4,2025,NA
Mohamed Salah,Ousmane Dembélé,3,4,2025,NA
Julio Sibrian,Raphinha,3,4,2025,NA
Harry Kane,Vitinha,3,4,2025,NA
Karol Mets,Lamine Yamal,3,4,2025,NA
Lindo Thembinkosi Mkhonta,Ousmane Dembélé,3,4,2025,NA
Hayder Sherefa,Achraf Hakimi,3,4,2025,NA
Hallur Hansson,Vitinha,3,4,2025,NA
Roy Krishna,Raphinha,3,4,2025,NA
Lukas Hradecky,Ousmane Dembélé,3,4,2025,NA
Bruno Ecuele Manga,Ousmane Dembélé,3,4,2025,NA
Omar Colley,Vitinha,3,4,2025,NA
Guram Kashia,Lamine Yamal,3,4,2025,NA
Joshua Kimmich,Harry Kane,3,2,2025,NA
Jordan Ayew,Kylian Mbappé,3,4,2025,NA
Graeme Torrilla,Ousmane Dembélé,3,4,2025,NA
Anastasios Bakasetas,Lamine Yamal,3,4,2025,NA
Regan Charles-Cook,Kylian Mbappé,3,4,2025,NA
Jason Ryan Quitugua Cunliffe,Vitinha,3,4,2025,NA
José Carlos Pinto Samayoa,Kylian Mbappé,3,4,2025,NA
Issiagia Sylla,Harry Kane,3,4,2025,NA
Jorge Nogueira,Ousmane Dembélé,3,4,2025,NA
Antony Lozano,Ousmane Dembélé,3,4,2025,NA
Hung Fai Yapp,Kylian Mbappé,3,4,2025,NA
Dominik Szoboszlai,Ousmane Dembélé,3,4,2025,NA
Orri Óskarsson,Ousmane Dembélé,3,4,2025,NA
Gurpreet Singh Sandhu,Raphinha,3,4,2025,NA
Jay Idzes,Lamine Yamal,3,4,2025,NA
Alireza Jahanbakhsh,Lamine Yamal,3,4,2025,NA
Jalal Hassan ,Ousmane Dembélé,3,4,2025,NA
Eliezer Dasa,Kylian Mbappé,3,4,2025,NA
Gianluigi Donnarumma,Achraf Hakimi,3,2,2025,NA
Wataru Endo,Ousmane Dembélé,3,4,2025,NA
Ehsan Haddad,Raphinha,3,4,2025,NA
Nuraly Alip,Achraf Hakimi,3,4,2025,NA
Michael Olunga Ogada,Ousmane Dembélé,3,4,2025,NA
Jang Kuk Chol,Harry Kane,3,4,2025,NA
Heung Min Son,Harry Kane,3,4,2025,NA
Amir Rrahmani,Kylian Mbappé,3,4,2025,NA
Khaled Al Rashidi,Kylian Mbappé,3,4,2025,NA
Kichin Valerii,Achraf Hakimi,3,4,2025,NA
Bounphachan Bounkong,Harry Kane,3,4,2025,NA
Kristers Tobers,Lamine Yamal,3,4,2025,NA
Mohamad Haidar,Lamine Yamal,3,4,2025,NA
Sekhoane Benedict Moerane,Achraf Hakimi,3,4,2025,NA
Murad Al-Wuheeshi,Achraf Hakimi,3,4,2025,NA
Nicolas Hasler,Ousmane Dembélé,3,4,2025,NA
Fedor Cernych,Mohamed Salah,3,4,2025,NA
Laurent Jans,Ousmane Dembélé,3,4,2025,NA
Chan Man,Ousmane Dembélé,3,4,2025,NA
Rayan Raveloson,Lamine Yamal,3,4,2025,NA
Richard Mbulu,Achraf Hakimi,3,4,2025,NA
Matthew Davies,Cole Palmer,3,4,2025,NA
Ali Samooh,Kylian Mbappé,3,4,2025,NA
Yves Bissouma,Lamine Yamal,3,4,2025,NA
Matthew Guillaumier,Mohamed Salah,3,4,2025,NA
Aly Abeid,Achraf Hakimi,3,4,2025,NA
Lindsay Rose,Achraf Hakimi,3,4,2025,NA
Edson Omar Alvarez Velazquez,Harry Kane,3,4,2025,NA
Rata Vadim,Ousmane Dembélé,3,4,2025,NA
Tsendayush Khurelbaatar,Cole Palmer,3,4,2025,NA
Stevan Jovetic,Kylian Mbappé,3,4,2025,NA
Brandon Comley,Lamine Yamal,3,4,2025,NA
Achraf Hakimi,Ousmane Dembélé,3,2,2025,NA
Elias Pelembe,Ousmane Dembélé,3,4,2025,NA
Lwin Maung Maung,Raphinha,3,4,2025,NA
Riaan Hanamub,Kylian Mbappé,3,4,2025,NA
Kiran Limbu Chemjong,Vitinha,3,4,2025,NA
Virgil Van Dijk,Ousmane Dembélé,3,4,2025,NA
Morgan Mathelon,Raphinha,3,4,2025,NA
Chris Wood,Lamine Yamal,3,4,2025,NA
Juan Barrera,Kylian Mbappé,3,4,2025,NA
Youssouf Oumarou,Mohamed Salah,3,4,2025,NA
William Ekong,Achraf Hakimi,3,4,2025,NA
Enis Bardhi,Lamine Yamal,3,4,2025,NA
Conor Bradley,Mohamed Salah,3,2,2025,NA
Martin Odegaard,Vitinha,3,4,2025,NA
Fayiz Alrushaidi,Lamine Yamal,3,4,2025,NA
Abdullah Iqbal,Raphinha,3,4,2025,NA
Musab Battat,Ousmane Dembélé,3,4,2025,NA
Anibal Godoy,Lamine Yamal,3,4,2025,NA
Raymond Gunemba,Raphinha,3,4,2025,NA
Gustavo Gomez,Lamine Yamal,3,4,2025,NA
Pedro Gallese,Lamine Yamal,3,4,2025,NA
Amani Aguinaldo,Mohamed Salah,3,4,2025,NA
Robert Lewandowski,Raphinha,3,2,2025,NA
Bernardo Silva,Nuno Mendes,3,1,2025,NA
Leandro Antonetti,Pedri,3,4,2025,NA
Hassan Alhaydos,Ousmane Dembélé,3,4,2025,NA
Nathan Collins,Vitinha,3,4,2025,NA
Ianis Hagi,Raphinha,3,4,2025,NA
Aleksandr Golovin,Lamine Yamal,3,4,2025,NA
Djihad Bizimana ,Ousmane Dembélé,3,4,2025,NA
Andrew Setefano,Kylian Mbappé,3,4,2025,NA
Matteo Vitaioli,Achraf Hakimi,3,4,2025,NA
Joel Neves,Nuno Mendes,3,4,2025,NA
Salem Aldawsari,Cole Palmer,3,4,2025,NA
Andrew Robertson,Ousmane Dembélé,3,4,2025,NA
Kalidou Koulibaly,Achraf Hakimi,3,4,2025,NA
Aleksandar Mitrovic,Kylian Mbappé,3,4,2025,NA
Elie Nelson Jr Sopha,Ousmane Dembélé,3,4,2025,NA
Mustapha Bundu,Nuno Mendes,3,4,2025,NA
Hariss Harun,Lamine Yamal,3,4,2025,NA
Milan Škriniar,Kylian Mbappé,3,4,2025,NA
Jan Oblak,Raphinha,3,4,2025,NA
Javin Alick,Cole Palmer,3,4,2025,NA
Abdulsamed Abdullahi,Lamine Yamal,3,4,2025,NA
Ronwen Williams,Lamine Yamal,3,4,2025,NA
Atir Thomas Tom Magor,Lamine Yamal,3,4,2025,NA
Unai Simon Mendibil,Pedri,3,1,2025,NA
Sujan Perera,Mohamed Salah,3,4,2025,NA
Julani Archibald,Vitinha,3,4,2025,NA
Oalex Anderson,Kylian Mbappé,3,4,2025,NA
Dion Malone,Lamine Yamal,3,4,2025,NA
Victor Lindelof,Raphinha,3,4,2025,NA
Granit Xhaka,Achraf Hakimi,3,4,2025,NA
Omar Khrbin,Lamine Yamal,3,4,2025,NA
Teaonui Tehau,Lamine Yamal,3,4,2025,NA
Akhtam Nazarov,Harry Kane,3,4,2025,NA
Mbwana Ally Samatta,Kylian Mbappé,3,4,2025,NA
Chanathip Songkrasin,Vitinha,3,4,2025,NA
Gali Freitas,Vitinha,3,4,2025,NA
Dakonam Ortega Djene,Pedri,3,4,2025,NA
Hemaloto Polovili,Ousmane Dembélé,3,4,2025,NA
Kevin Molino,Kylian Mbappé,3,4,2025,NA
Ferjani Sassi,Kylian Mbappé,3,4,2025,NA
Hakan Calhanoglu,Nuno Mendes,3,4,2025,NA
Elman Tagayev,Ousmane Dembélé,3,4,2025,NA
Makenson Cadet,Kylian Mbappé,3,4,2025,NA
Aucho Khalid,Ousmane Dembélé,3,4,2025,NA
Mykola Matvienko,Ousmane Dembélé,3,4,2025,NA
Ali Khaseif,Achraf Hakimi,3,4,2025,NA
Jose Gimenez,Vitinha,3,4,2025,NA
Joshua Ramos,Ousmane Dembélé,3,4,2025,NA
Tim Ream,Kylian Mbappé,3,4,2025,NA
Eldor Shomurodov,Ousmane Dembélé,3,4,2025,NA
Michel Kalmalap Coulon,Achraf Hakimi,3,4,2025,NA
Salomón Rondón,Pedri,3,4,2025,NA
Manh Do,Kylian Mbappé,3,4,2025,NA
Aaron Ramsey,Lamine Yamal,3,4,2025,NA
Harwan Alzubaidi,Kylian Mbappé,3,4,2025,NA
Lubambo Musonda,Achraf Hakimi,3,4,2025,NA
Elias Ahmad Manouchehr,Pedri,3,4,2025,NA
Sylvio Mendes Campos,Lamine Yamal,3,4,2025,NA
Vladimir Petkovic,Kylian Mbappé,3,4,2025,NA
Travis Sinapati,Kylian Mbappé,3,4,2025,NA
Koldo Alvarez De Eulate,Vitinha,3,4,2025,NA
Patrice Alain Marie Beaumelle,Ousmane Dembélé,3,4,2025,NA
Cleo Hamm,Cole Palmer,3,4,2025,NA
Lionel Scaloni,Pedri,3,4,2025,NA
Melikian Iegishe,Ousmane Dembélé,3,4,2025,NA
Marvic Bermudez,Ousmane Dembélé,3,4,2025,NA
Tony Popovic,Raphinha,3,4,2025,NA
Ralf Rangnick,Harry Kane,3,4,2025,NA
Aykhan Abbasov,Kylian Mbappé,3,4,2025,NA
Dragan Talajic,Ousmane Dembélé,3,4,2025,NA
Javier Cabrera,Lamine Yamal,3,4,2025,NA
Kent Edward Hall,Ousmane Dembélé,3,4,2025,NA
Carlos Alos Ferrer,Vitinha,3,4,2025,NA
Rudi Garcia,Kylian Mbappé,3,4,2025,NA
Philip Elexious Marin,Lamine Yamal,3,4,2025,NA
Gernot Rohr,Achraf Hakimi,3,4,2025,NA
Michael Findlay,Lamine Yamal,3,4,2025,NA
Atsushi Nakamura,Vitinha,3,4,2025,NA
Oscar Villegas,Kylian Mbappé,3,4,2025,NA
Sergej Barbarez,Ousmane Dembélé,3,4,2025,NA
Morena Ramoreboli,Achraf Hakimi,3,4,2025,NA
Carlo Ancelotti,Raphinha,3,1,2025,NA
David Pérez Asensio,Ousmane Dembélé,3,4,2025,NA
Fabio Joaquim Maciel Da Silva,Ousmane Dembélé,3,4,2025,NA
Aleksandar Dimitrov,Pedri,3,4,2025,NA
Brama Traoré,Achraf Hakimi,3,4,2025,NA
Patrick Sangwa,Achraf Hakimi,3,4,2025,NA
Pedro Leitão Brito,Mohamed Salah,3,4,2025,NA
Koji Gyotoku,Ousmane Dembélé,3,4,2025,NA
Martin Felix Ndtoungou Mpile,Ousmane Dembélé,3,4,2025,NA
Jesse Marsch,Mohamed Salah,3,4,2025,NA
Colin Rowe,Mohamed Salah,3,4,2025,NA
Eloge Enza-Yamissi,Lamine Yamal,3,4,2025,NA
Raoul Savoy,Pedri,3,4,2025,NA
Nicolas Córdova,Vitinha,3,4,2025,NA
Jiayi Shao,Mohamed Salah,3,4,2025,NA
Matthew Barry Ross,Achraf Hakimi,3,4,2025,NA
Néstor Lorenzo,Vitinha,3,4,2025,NA
Stefano Cusin,Ousmane Dembélé,3,4,2025,NA
Fabrizio Cesana,Raphinha,3,4,2025,NA
Sébastien Desabre,Achraf Hakimi,3,4,2025,NA
Tuka Tisam,Cole Palmer,3,4,2025,NA
Miguel Herrera Aguirre,Kylian Mbappé,3,4,2025,NA
Emerse Fae,Ousmane Dembélé,3,4,2025,NA
Zlatko Dalić,Mohamed Salah,3,4,2025,NA
Pedro Pablo Pereira Mesa,Ousmane Dembélé,3,4,2025,NA
Dean Gorre,Achraf Hakimi,3,4,2025,NA
Apostolos Mantzios,Lamine Yamal,3,4,2025,NA
Jaroslav Köstl,Ousmane Dembélé,3,4,2025,NA
Brian Riemer,Ousmane Dembélé,3,4,2025,NA
Stéphane Nado,Ousmane Dembélé,3,4,2025,NA
Ellington Sabin,Harry Kane,3,4,2025,NA
Marcelo Neveleff,Lamine Yamal,3,4,2025,NA
Sebastián Beccacece,Harry Kane,3,4,2025,NA
Hossam Hassan,Ousmane Dembélé,3,4,2025,NA
Hernán Gomez,Ousmane Dembélé,3,4,2025,NA
Thomas Tuchel,Cole Palmer,3,1,2025,NA
Juan Micha Obiang Bicogo,Achraf Hakimi,3,4,2025,NA
Jürgen Henn,Lamine Yamal,3,4,2025,NA
Sifiso Ntibane,Ousmane Dembélé,3,4,2025,NA
Messay Teferi,Ousmane Dembélé,3,4,2025,NA
Eydun Klakstein,Harry Kane,3,4,2025,NA
Stephane Auvray,Ousmane Dembélé,3,4,2025,NA
Jacob Friis,Harry Kane,3,4,2025,NA
Didier Deschamps,Kylian Mbappé,3,1,2025,NA
Johnathan Mckinstry,Mohamed Salah,3,4,2025,NA
Willy Sagnol,Vitinha,3,4,2025,NA
Julian Nagelsmann,Ousmane Dembélé,3,4,2025,NA
Nana Otto Addo,Lamine Yamal,3,4,2025,NA
Scott Wiseman,Ousmane Dembélé,3,4,2025,NA
Ivan Jovanovic,Kylian Mbappé,3,4,2025,NA
Anthony Modeste,Vitinha,3,4,2025,NA
Ross Awa,Mohamed Salah,3,4,2025,NA
Luis Fernando Tena Garduño,Vitinha,3,4,2025,NA
Duarte Paulo,Vitinha,3,4,2025,NA
Emiliano Te,Kylian Mbappé,3,4,2025,NA
Thomas Dooley,Harry Kane,3,4,2025,NA
Sébastien Migné,Lamine Yamal,3,4,2025,NA
Reinaldo Rueda Rivera,Vitinha,3,4,2025,NA
Ashley Westwood,Ousmane Dembélé,3,4,2025,NA
Marco Rossi,Ousmane Dembélé,3,4,2025,NA
Arnar Gunnlaugsson,Vitinha,3,4,2025,NA
Khalid Jamil,Raphinha,3,4,2025,NA
Nova Arianto,Harry Kane,3,4,2025,NA
Ardeshir Ghalehnoy,Kylian Mbappé,3,4,2025,NA
Graham Arnold,Lamine Yamal,3,4,2025,NA
Ran Ben Simon,Ousmane Dembélé,3,4,2025,NA
Gennaro Gattuso,Vitinha,3,4,2025,NA
Hajime Moriyasu,Lamine Yamal,3,4,2025,NA
Jamal Sellami,Mohamed Salah,3,4,2025,NA
Talgat Baisufinov,Raphinha,3,4,2025,NA
Benni Mccarthy,Ousmane Dembélé,3,4,2025,NA
Yun Jong Su,Kylian Mbappé,3,4,2025,NA
Myung Bo Hong,Lamine Yamal,3,4,2025,NA
Franco Foda,Lamine Yamal,3,4,2025,NA
Hélio Filipe Dias De Sousa,Ousmane Dembélé,3,4,2025,NA
Urmat Abdukaimov,Mohamed Salah,3,4,2025,NA
Hyeok-Jun Ha,Lamine Yamal,3,4,2025,NA
Paolo Nicolato,Vitinha,3,4,2025,NA
Miodrag Radulovic,Kylian Mbappé,3,4,2025,NA
Leslie Makhetha Notsi,Achraf Hakimi,3,4,2025,NA
Alejo Cissé,Achraf Hakimi,3,4,2025,NA
Konrad Fünfstück,Harry Kane,3,4,2025,NA
Edgaras Jankauskas,Harry Kane,3,4,2025,NA
Jeff Strasser,Lamine Yamal,3,4,2025,NA
Kar Lok Kenneth Kwok,Ousmane Dembélé,3,4,2025,NA
Corentin Martins,Kylian Mbappé,3,4,2025,NA
Kalisto Pasuwa,Ousmane Dembélé,3,4,2025,NA
Peter Cklamovski,Mohamed Salah,3,4,2025,NA
Mohamed Siyaz,Lamine Yamal,3,4,2025,NA
Tom Saintfiet,Mohamed Salah,3,4,2025,NA
Emilio De Leo,Mohamed Salah,3,4,2025,NA
Aritz López Garay,Lamine Yamal,3,4,2025,NA
Guillaume Moullec,Achraf Hakimi,3,4,2025,NA
Javier Aguirre,Mohamed Salah,3,4,2025,NA
Lilian Popescu,Raphinha,3,4,2025,NA
Garidmagnai Bayasgalan,Achraf Hakimi,3,4,2025,NA
Mirko Vučinić,Ousmane Dembélé,3,4,2025,NA
Angus Eve,Ousmane Dembélé,3,4,2025,NA
Hoalid Regragui,Ousmane Dembélé,3,4,2025,NA
Francisco Queriol Conde Junior,Lamine Yamal,3,4,2025,NA
Myo Hlaing Win,Kylian Mbappé,3,4,2025,NA
Collin Benjamin,Mohamed Salah,3,4,2025,NA
Hari Khadka,Kylian Mbappé,3,4,2025,NA
Ronald Koeman,Vitinha,3,4,2025,NA
Johan Sidaner,Ousmane Dembélé,3,4,2025,NA
Darren Bazeley,Lamine Yamal,3,4,2025,NA
Marco Antonio Figueroa Montero,Achraf Hakimi,3,4,2025,NA
Zakariaou Ibrahim,Pedri,3,4,2025,NA
Blagoja Milevski,Vitinha,3,4,2025,NA
Michael Oneill,Mohamed Salah,3,4,2025,NA
Ståle Solbakken,Pedri,3,4,2025,NA
Carlos Queiroz,Ousmane Dembélé,3,4,2025,NA
Nolberto Albino Solano Todco,Ousmane Dembélé,3,4,2025,NA
Ehab Abu Jazar,Ousmane Dembélé,3,4,2025,NA
Thomas Christiansen,Pedri,3,4,2025,NA
David Muta,Cole Palmer,3,4,2025,NA
Gustavo Alfaro,Vitinha,3,4,2025,NA
Manuel Barreto,Harry Kane,3,4,2025,NA
Carles Cuadrat,Pedri,3,4,2025,NA
Jan Urban,Lamine Yamal,3,4,2025,NA
Roberto Martinez,Vitinha,3,1,2025,NA
Charlie Trout,Lamine Yamal,3,4,2025,NA
Julen Lopetegui,Lamine Yamal,3,4,2025,NA
Heimir Hallgrimsson,Lamine Yamal,3,4,2025,NA
Mircea Lucescu,Raphinha,3,4,2025,NA
Valeri Karpin,Kylian Mbappé,3,4,2025,NA
Adel Amrouche,Kylian Mbappé,3,4,2025,NA
Valerio Raccuglia,Ousmane Dembélé,3,4,2025,NA
Roberto Cevoli,Ousmane Dembélé,3,4,2025,NA
Ricardo Monsanto,Nuno Mendes,3,4,2025,NA
Herve Renard,Kylian Mbappé,3,4,2025,NA
Steve Clarke,Vitinha,3,4,2025,NA
Pape Bouna Thiaw,Achraf Hakimi,3,4,2025,NA
Veljko Paunovic,Pedri,3,4,2025,NA
Ralph Jean-Louis,Kylian Mbappé,3,4,2025,NA
Mohamed Kallon,Lamine Yamal,3,4,2025,NA
Gavin Lee,Vitinha,3,4,2025,NA
Francesco Calzona,Pedri,3,4,2025,NA
Matjaž Kek,Lamine Yamal,3,4,2025,NA
Josh Smith,Ousmane Dembélé,3,4,2025,NA
Yusuf Ali,Achraf Hakimi,3,4,2025,NA
Hugo Broos,Lamine Yamal,3,4,2025,NA
Simon James Yor Kak,Kylian Mbappé,3,4,2025,NA
Luis De La Fuente Castillo,Lamine Yamal,3,1,2025,NA
Abdullah Almutairi,Ousmane Dembélé,3,4,2025,NA
Travis Rogers,Cole Palmer,3,4,2025,NA
Stern John,Kylian Mbappé,3,4,2025,NA
Ezra Hendrickson,Lamine Yamal,3,4,2025,NA
James Appiah,Kylian Mbappé,3,4,2025,NA
Stanley Menzo,Raphinha,3,4,2025,NA
Graham Potter,Nuno Mendes,3,4,2025,NA
Murat Yakin,Ousmane Dembélé,3,4,2025,NA
Jose Lana Fernández,Lamine Yamal,3,4,2025,NA
Raimana Buluc,Kylian Mbappé,3,4,2025,NA
Goran Stevanovic,Lamine Yamal,3,4,2025,NA
Miguel Angel Gamondi,Mohamed Salah,3,4,2025,NA
Anthony Hudson,Achraf Hakimi,3,4,2025,NA
José Pedro Alves Salazar,Pedri,3,4,2025,NA
Dare Nibombe,Achraf Hakimi,3,4,2025,NA
Kilifi Solia Uele,Harry Kane,3,4,2025,NA
Dwight Yorke,Cole Palmer,3,4,2025,NA
Trabelsi Sami,Ousmane Dembélé,3,4,2025,NA
Vincenzo Montella,Harry Kane,3,4,2025,NA
Rovshen Meredov,Achraf Hakimi,3,4,2025,NA
Aaron Lawrence,Kylian Mbappé,3,4,2025,NA
Paul Put,Lamine Yamal,3,4,2025,NA
Serhii Rebrov,Ousmane Dembélé,3,4,2025,NA
Olaroiu Cosmin,Ousmane Dembélé,3,4,2025,NA
Marcelo Bielsa,Raphinha,3,4,2025,NA
Terrence Jones,Nuno Mendes,3,4,2025,NA
Mauricio Pochettino,Kylian Mbappé,3,4,2025,NA
Fabio Cannavaro,Lamine Yamal,3,4,2025,NA
Lars Hopp,Ousmane Dembélé,3,4,2025,NA
Oswaldo Vizcarrondo,Vitinha,3,4,2025,NA
Sang Sik Kim,Harry Kane,3,4,2025,NA
Noureddine Ouldali,Ousmane Dembélé,3,4,2025,NA
Moses Sichone,Kylian Mbappé,3,4,2025,NA
Mario Marinica,Mohamed Salah,3,4,2025,NA
Sayer Zaland,Kylian Mbappé,3,4,2025,NA
Endi Tufa,Kylian Mbappé,3,4,2025,NA
Mohammed Rachid Belarbi,Achraf Hakimi,3,4,2025,NA
Victor Duaso Saludas,Ousmane Dembélé,3,4,2025,NA
Geraldo Quiala,Kylian Mbappé,3,4,2025,NA
Claudio Mauri,Achraf Hakimi,3,4,2025,NA
Robert Gasparyan,Nuno Mendes,3,4,2025,NA
Andrew Vrolijk,Vitinha,3,4,2025,NA
Vince Rugari,Ousmane Dembélé,3,4,2025,NA
Stefan Grüneis,Vitinha,3,4,2025,NA
Rasim Mövsümov,Lamine Yamal,3,4,2025,NA
Abdulla Ashoor,Achraf Hakimi,3,4,2025,NA
Zaman Rejwan Uz,Lamine Yamal,3,4,2025,NA
Sergey Nikolaev,Lamine Yamal,3,4,2025,NA
Kristof Terreur,Ousmane Dembélé,3,4,2025,NA
Mehluli Sibanda,Kylian Mbappé,3,4,2025,NA
Thinley Namgay,Kylian Mbappé,3,4,2025,NA
Rainer Durán Urquizu,Cole Palmer,3,4,2025,NA
Emir Delić,Ousmane Dembélé,3,4,2025,NA
Gaone Pearl Kerileng,Nuno Mendes,3,4,2025,NA
Carlos Eduardo Mansur,Raphinha,3,1,2025,NA
Boyan Boychev,Harry Kane,3,4,2025,NA
Siriki Dramé,Raphinha,3,4,2025,NA
Liliane Nshimirimana,Achraf Hakimi,3,4,2025,NA
Chamroeun Ung,Mohamed Salah,3,4,2025,NA
Angu Lesley Ngwa Akonwi,Achraf Hakimi,3,4,2025,NA
Neil Davidson,Lamine Yamal,3,4,2025,NA
Bienvenu Elie Gbelo,Achraf Hakimi,3,4,2025,NA
Salahadine Mahamat Sabour,Kylian Mbappé,3,4,2025,NA
Danilo Díaz,Lamine Yamal,3,4,2025,NA
Dexing Ma,Lamine Yamal,3,4,2025,NA
Chihwei Hung,Cole Palmer,3,4,2025,NA
Diego Rueda ,Lamine Yamal,3,4,2025,NA
Djouma Elie-Dine,Achraf Hakimi,3,4,2025,NA
Michel Tobo,Lamine Yamal,3,4,2025,NA
Rashneel Kumar Madhur,Kylian Mbappé,3,4,2025,NA
David Goldberg,Lamine Yamal,3,4,2025,NA
Malick Traoré,Achraf Hakimi,3,4,2025,NA
Robert Matteoni,Vitinha,3,4,2025,NA
Yasiel Cancio,Lamine Yamal,3,4,2025,NA
Carl Ruiter,Pedri,3,4,2025,NA
Andreas Violaris,Ousmane Dembélé,3,4,2025,NA
Jan Palička,Ousmane Dembélé,3,4,2025,NA
Klaus Egelund,Ousmane Dembélé,3,4,2025,NA
Yacin Ahmed Moussa,Kylian Mbappé,3,4,2025,NA
Garvin Richards,Lamine Yamal,3,4,2025,NA
Jorge Rolando `,Cole Palmer,3,4,2025,NA
Tito Rosales Cox,Nuno Mendes,3,4,2025,NA
Hady Elmadany,Ousmane Dembélé,3,4,2025,NA
Josué Valiente,Lamine Yamal,3,4,2025,NA
John Cross,Lamine Yamal,3,4,2025,NA
Yolanda Aseco Esono Mangue,Raphinha,3,4,2025,NA
Michael Seium,Achraf Hakimi,3,4,2025,NA
Aet Suvari,Lamine Yamal,3,4,2025,NA
Ashmond Innocent Nzima,Ousmane Dembélé,3,4,2025,NA
Hussen Abdulkeni,Lamine Yamal,3,4,2025,NA
Símun Christian Olsen,Ousmane Dembélé,3,4,2025,NA
Anssi Karjalainen,Raphinha,3,4,2025,NA
Cyrille De La Morinerie,Lamine Yamal,3,4,2025,NA
Momodou Bah,Achraf Hakimi,3,4,2025,NA
Mamuka Kvaratskhelia,Kylian Mbappé,3,4,2025,NA
Georg Holzner,Vitinha,3,4,2025,NA
Gary Al Smith,Lamine Yamal,3,4,2025,NA
Stephen Ignacio,Lamine Yamal,3,4,2025,NA
Nikolaos Kotsis,Lamine Yamal,3,4,2025,NA
Michael Bascombe,Harry Kane,3,4,2025,NA
Joseph Santo Tomas,Kylian Mbappé,3,4,2025,NA
Carlos Marín Noriega,Mohamed Salah,3,4,2025,NA
Alpha Mady Touré,Achraf Hakimi,3,4,2025,NA
Rawle Toney,Kylian Mbappé,3,4,2025,NA
Lutherson Leon,Mohamed Salah,3,4,2025,NA
Gonzalo Carias,Lamine Yamal,3,4,2025,NA
Ho Yin Kwok,Ousmane Dembélé,3,4,2025,NA
György Szöllösi,Lamine Yamal,3,4,2025,NA
Vidir Sigurdsson,Lamine Yamal,3,4,2025,NA
Dhiman Sarkar,Raphinha,3,4,2025,NA
Muhamad Rais Adnan,Lamine Yamal,3,4,2025,NA
Masoud Hossein,Nuno Mendes,3,4,2025,NA
Arshed Alsaedi,Achraf Hakimi,3,4,2025,NA
Uri Dagon,Lamine Yamal,3,4,2025,NA
Pierluigi Pardo,Lamine Yamal,3,4,2025,NA
Brian Lewis,Lamine Yamal,3,4,2025,NA
Hideo Tamaru,Mohamed Salah,3,4,2025,NA
Taiser Alomiri,Ousmane Dembélé,3,4,2025,NA
Geniy Tulegenov,Ousmane Dembélé,3,4,2025,NA
Eric Njiru,Ousmane Dembélé,3,4,2025,NA
Gun Lee,Harry Kane,3,4,2025,NA
Lavdim Pireva,Lamine Yamal,3,4,2025,NA
Abdulaziz Jassim,Mohamed Salah,3,4,2025,NA
Bakyt Shukuraliev,Raphinha,3,4,2025,NA
Ekasanh Thipphachack,Lamine Yamal,3,4,2025,NA
Ilvars Koscinkevics,Lamine Yamal,3,4,2025,NA
Hachem Makkeh,Achraf Hakimi,3,4,2025,NA
Moorosi Simon Tsiane,Lamine Yamal,3,4,2025,NA
Anthony Kokoi,Ousmane Dembélé,3,4,2025,NA
Haithem Elamari,Ousmane Dembélé,3,4,2025,NA
Jan Stärker,Achraf Hakimi,3,4,2025,NA
Mindaugas Augustis,Raphinha,3,4,2025,NA
Christelle Diederich,Ousmane Dembélé,3,4,2025,NA
Samson Randrianiheriniaina,Ousmane Dembélé,3,4,2025,NA
Peter Kanjere,Achraf Hakimi,3,4,2025,NA
Ajitpal Singh Dhaliwal,Ousmane Dembélé,3,4,2025,NA
Azzam Ali,Raphinha,3,4,2025,NA
Boubacar Diakite,Achraf Hakimi,3,4,2025,NA
Domenic Aquilina,Mohamed Salah,3,4,2025,NA
Brahim Sow Deïna,Ousmane Dembélé,3,4,2025,NA
Francisco Javier González,Vitinha,3,4,2025,NA
Alex Fosa,Kylian Mbappé,3,4,2025,NA
Enkhtuvshin Tserensodnom,Harry Kane,3,4,2025,NA
Danilo Mitrovic,Ousmane Dembélé,3,4,2025,NA
Basil Chambers,Kylian Mbappé,3,4,2025,NA
Jalal Bounouar,Ousmane Dembélé,3,4,2025,NA
João Arnaldo Carlija Chivale,Achraf Hakimi,3,4,2025,NA
Sheefeni Nikodemus,Raphinha,3,4,2025,NA
Bikram Thapa,Lamine Yamal,3,4,2025,NA
Jaap De Groot,Lamine Yamal,3,4,2025,NA
Martin Charmasson,Achraf Hakimi,3,4,2025,NA
Michael Burgess,Lamine Yamal,3,4,2025,NA
Jose Nectali Mora Zeledon,Mohamed Salah,3,4,2025,NA
Abdel Malik Koudizé,Achraf Hakimi,3,4,2025,NA
Oluwashina Okeleji,Achraf Hakimi,3,4,2025,NA
Igor Panevski,Lamine Yamal,3,4,2025,NA
Mark Mcintosh,Nuno Mendes,3,4,2025,NA
Morten Pedersen,Lamine Yamal,3,4,2025,NA
Nasser Darwish,Raphinha,3,4,2025,NA
Chaudhry Muhammad Ashraf,Lamine Yamal,3,4,2025,NA
Majdi Qasem,Mohamed Salah,3,4,2025,NA
David Samudio Garay,Lamine Yamal,3,4,2025,NA
Patricia Keamo,Cole Palmer,3,4,2025,NA
Edgar Cantero,Lamine Yamal,3,4,2025,NA
Pedro Eduardo Canelo Quispe,Lamine Yamal,3,4,2025,NA
Ryan Fenix,Raphinha,3,4,2025,NA
Michal Pol,Lamine Yamal,3,4,2025,NA
Vítor Serpa,Pedri,3,4,2025,NA
Esteban Pagán Rivera,Raphinha,3,4,2025,NA
Ali Almslmani,Ousmane Dembélé,3,4,2025,NA
Philip Quinn,Mohamed Salah,3,4,2025,NA
Theodor Jumatate,Lamine Yamal,3,4,2025,NA
Oleg Koshelev,Raphinha,3,4,2025,NA
Eddie Nsabimana,Lamine Yamal,3,4,2025,NA
Elia Gorini,Achraf Hakimi,3,4,2025,NA
Sultan Almohawes,Lamine Yamal,3,4,2025,NA
Scott Mcdermott,Ousmane Dembélé,3,4,2025,NA
Thierno Souleymane Diallo,Achraf Hakimi,3,4,2025,NA
Milan Rasevic,Mohamed Salah,3,4,2025,NA
Sahr Morris Jr,Achraf Hakimi,3,4,2025,NA
David Lee,Lamine Yamal,3,4,2025,NA
Michal Zeman,Nuno Mendes,3,4,2025,NA
Anze Baselj,Harry Kane,3,4,2025,NA
Crofton Utukana,Ousmane Dembélé,3,4,2025,NA
Gamadiid Guurre,Ousmane Dembélé,3,4,2025,NA
Robert Marawa,Achraf Hakimi,3,4,2025,NA
Albino Kuek Deng Kuach,Nuno Mendes,3,4,2025,NA
Juan Ignacio Gallardo,Lamine Yamal,3,1,2025,NA
Neville Victor Anthony,Vitinha,3,4,2025,NA
Terry Finisterre,Harry Kane,3,4,2025,NA
Tahir Salih,Achraf Hakimi,3,4,2025,NA
Desney Romeo,Nuno Mendes,3,4,2025,NA
Simon Bank,Lamine Yamal,3,4,2025,NA
Tobias Wedermann,Mohamed Salah,3,4,2025,NA
Mohamad Nadim Aljabi,Raphinha,3,4,2025,NA
Olivier Huc,Vitinha,3,4,2025,NA
Faridun Saliev,Achraf Hakimi,3,4,2025,NA
Evance Mhando,Achraf Hakimi,3,4,2025,NA
Kim Junumporn,Vitinha,3,4,2025,NA
Kodjo Sedem Gounoubou,Pedri,3,4,2025,NA
Justin Akauola,Cole Palmer,3,4,2025,NA
Ian Prescott,Lamine Yamal,3,4,2025,NA
Tarek Ghdiri,Achraf Hakimi,3,4,2025,NA
Serkan Saydam,Achraf Hakimi,3,4,2025,NA
Alexander Vershinin,Pedri,3,4,2025,NA
Mayamba Stephen,Vitinha,3,4,2025,NA
Valerii Novobranets,Lamine Yamal,3,4,2025,NA
Omran Mohamed,Lamine Yamal,3,4,2025,NA
Rómulo Martínez Chenlo,Vitinha,3,4,2025,NA
Amara Gilbert,Ousmane Dembélé,3,4,2025,NA
Douglas Mcintyre,Ousmane Dembélé,3,4,2025,NA
Davron Fayziev,Lamine Yamal,3,4,2025,NA
Humberto Perozo Suárez,Raphinha,3,4,2025,NA
Minh Viet Nguyen,Lamine Yamal,3,4,2025,NA
Paul Abbandonato,Lamine Yamal,3,4,2025,NA
Basheer Senan,Raphinha,3,4,2025,NA
Elias Chipepo,Achraf Hakimi,3,4,2025,NA
Sikhumbuzo Moyo,Lamine Yamal,3,4,2025,NA
Sharif Mukhammad,Kylian Mbappé,1,4,2025,NA
Berat Djimsiti,Harry Kane,1,4,2025,NA
Riyad Mahrez,Kylian Mbappé,1,4,2025,NA
Roy Ledoux,Kylian Mbappé,1,4,2025,NA
Marc Pujol Pons,Achraf Hakimi,1,4,2025,NA
Fredy Ribeiro,Vitinha,1,4,2025,NA
Germain Hughes,Kylian Mbappé,1,4,2025,NA
Luther Wildin,Harry Kane,1,4,2025,NA
Lionel Messi,Lamine Yamal,1,4,2025,NA
Esuard Spertsian,Kylian Mbappé,1,4,2025,NA
Matthew Robert Lentink,Lamine Yamal,1,4,2025,NA
Mathew Ryan,Kylian Mbappé,1,4,2025,NA
David Alaba,Ousmane Dembélé,1,4,2025,NA
Emin Makhmudov,Lamine Yamal,1,4,2025,NA
Vance Wheaton,Achraf Hakimi,1,4,2025,NA
Sayed Dhiya,Ousmane Dembélé,1,4,2025,NA
Jamal Bhuyan,Lamine Yamal,1,4,2025,NA
Andre Applewhaite,Vitinha,1,4,2025,NA
Alexandr Martynovich,Vitinha,1,4,2025,NA
Youri Tielemans,Vitinha,1,4,2025,NA
Steve Mounie,Achraf Hakimi,1,4,2025,NA
Dante Leverock,Lamine Yamal,1,4,2025,NA
Nima Wangdi,Ousmane Dembélé,1,4,2025,NA
Luis Fernando Haquin Lopez,Harry Kane,1,4,2025,NA
Edin Dzeko,Mohamed Salah,1,4,2025,NA
Kabelo Seakanyeng,Ousmane Dembélé,1,4,2025,NA
Marcos Aoás Corrêa,Achraf Hakimi,1,2,2025,NA
Tsharne Gallimore,Vitinha,1,4,2025,NA
Muhammad Azwan Ali Rahman,Vitinha,1,4,2025,NA
Kiril Despodov,Harry Kane,1,4,2025,NA
Bertrand Traoré,Vitinha,1,4,2025,NA
Frederic Nsabiyumva,Achraf Hakimi,1,4,2025,NA
"Ryan Mendes
",Achraf Hakimi,1,4,2025,NA
Krya Saret,Nuno Mendes,1,4,2025,NA
Alphonso Davies,Lamine Yamal,1,4,2025,NA
Dandre Rowe,Raphinha,1,4,2025,NA
Cherubin Bassé,Achraf Hakimi,1,4,2025,NA
Marius Mouandilmadji,Kylian Mbappé,1,4,2025,NA
Gabriel Suazo,Nuno Mendes,1,4,2025,NA
Yuning Zhang,Harry Kane,1,4,2025,NA
Po Liang Chen,Achraf Hakimi,1,4,2025,NA
James Rodríguez,Lamine Yamal,1,4,2025,NA
Youssouf Mchangama,Lamine Yamal,1,4,2025,NA
Bérenger Richy Itoua,Nuno Mendes,1,4,2025,NA
Chancel Mbemba,Vitinha,1,4,2025,NA
Thane Beal,Raphinha,1,4,2025,NA
Francisco Calvo,Lamine Yamal,1,4,2025,NA
Luka Modric,Lamine Yamal,1,4,2025,NA
Luis Javier Paradela Diaz,Raphinha,1,4,2025,NA
Kostakis Artymatas,Lamine Yamal,1,4,2025,NA
Tomas Soucek,Vitinha,1,4,2025,NA
Pierre Emile Højbjerg,Harry Kane,1,4,2025,NA
Idriss Blha,Vitinha,1,4,2025,NA
Travist Joseph,Ousmane Dembélé,1,4,2025,NA
Jean Carlos López Moscoso,Lamine Yamal,1,4,2025,NA
Enner Valencia,Lamine Yamal,1,4,2025,NA
Mohamed Salah,Kylian Mbappé,1,4,2025,NA
Julio Sibrian,Nuno Mendes,1,4,2025,NA
Harry Kane,Mohamed Salah,1,4,2025,NA
Karol Mets,Raphinha,1,4,2025,NA
Lindo Thembinkosi Mkhonta,Kylian Mbappé,1,4,2025,NA
Hayder Sherefa,Pedri,1,4,2025,NA
Hallur Hansson,Lamine Yamal,1,4,2025,NA
Roy Krishna,Lamine Yamal,1,4,2025,NA
Lukas Hradecky,Achraf Hakimi,1,4,2025,NA
Bruno Ecuele Manga,Mohamed Salah,1,4,2025,NA
Omar Colley,Nuno Mendes,1,4,2025,NA
Guram Kashia,Vitinha,1,4,2025,NA
Joshua Kimmich,Pedri,1,4,2025,NA
Jordan Ayew,Ousmane Dembélé,1,4,2025,NA
Graeme Torrilla,Lamine Yamal,1,4,2025,NA
Anastasios Bakasetas,Vitinha,1,4,2025,NA
Regan Charles-Cook,Vitinha,1,4,2025,NA
Jason Ryan Quitugua Cunliffe,Raphinha,1,4,2025,NA
José Carlos Pinto Samayoa,Lamine Yamal,1,4,2025,NA
Issiagia Sylla,Achraf Hakimi,1,4,2025,NA
Jorge Nogueira,Vitinha,1,4,2025,NA
Antony Lozano,Lamine Yamal,1,4,2025,NA
Hung Fai Yapp,Cole Palmer,1,4,2025,NA
Dominik Szoboszlai,Kylian Mbappé,1,4,2025,NA
Orri Óskarsson,Raphinha,1,4,2025,NA
Gurpreet Singh Sandhu,Lamine Yamal,1,4,2025,NA
Jay Idzes,Vitinha,1,4,2025,NA
Alireza Jahanbakhsh,Vitinha,1,4,2025,NA
Jalal Hassan ,Achraf Hakimi,1,4,2025,NA
Eliezer Dasa,Lamine Yamal,1,4,2025,NA
Gianluigi Donnarumma,Lamine Yamal,1,4,2025,NA
Wataru Endo,Nuno Mendes,1,4,2025,NA
Ehsan Haddad,Vitinha,1,4,2025,NA
Nuraly Alip,Raphinha,1,4,2025,NA
Michael Olunga Ogada,Vitinha,1,4,2025,NA
Jang Kuk Chol,Raphinha,1,4,2025,NA
Heung Min Son,Lamine Yamal,1,4,2025,NA
Amir Rrahmani,Lamine Yamal,1,4,2025,NA
Khaled Al Rashidi,Raphinha,1,4,2025,NA
Kichin Valerii,Kylian Mbappé,1,4,2025,NA
Bounphachan Bounkong,Ousmane Dembélé,1,4,2025,NA
Kristers Tobers,Vitinha,1,4,2025,NA
Mohamad Haidar,Pedri,1,4,2025,NA
Sekhoane Benedict Moerane,Lamine Yamal,1,4,2025,NA
Murad Al-Wuheeshi,Mohamed Salah,1,4,2025,NA
Nicolas Hasler,Vitinha,1,4,2025,NA
Fedor Cernych,Raphinha,1,4,2025,NA
Laurent Jans,Harry Kane,1,4,2025,NA
Chan Man,Harry Kane,1,4,2025,NA
Rayan Raveloson,Achraf Hakimi,1,4,2025,NA
Richard Mbulu,Kylian Mbappé,1,4,2025,NA
Matthew Davies,Ousmane Dembélé,1,4,2025,NA
Ali Samooh,Mohamed Salah,1,4,2025,NA
Yves Bissouma,Raphinha,1,4,2025,NA
Matthew Guillaumier,Lamine Yamal,1,4,2025,NA
Aly Abeid,Lamine Yamal,1,4,2025,NA
Lindsay Rose,Nuno Mendes,1,4,2025,NA
Edson Omar Alvarez Velazquez,Kylian Mbappé,1,4,2025,NA
Rata Vadim,Vitinha,1,4,2025,NA
Tsendayush Khurelbaatar,Harry Kane,1,4,2025,NA
Stevan Jovetic,Ousmane Dembélé,1,4,2025,NA
Brandon Comley,Raphinha,1,4,2025,NA
Achraf Hakimi,Raphinha,1,4,2025,NA
Elias Pelembe,Vitinha,1,4,2025,NA
Lwin Maung Maung,Lamine Yamal,1,4,2025,NA
Riaan Hanamub,Achraf Hakimi,1,4,2025,NA
Kiran Limbu Chemjong,Lamine Yamal,1,4,2025,NA
Virgil Van Dijk,Nuno Mendes,1,4,2025,NA
Morgan Mathelon,Achraf Hakimi,1,4,2025,NA
Chris Wood,Mohamed Salah,1,4,2025,NA
Juan Barrera,Lamine Yamal,1,4,2025,NA
Youssouf Oumarou,Vitinha,1,4,2025,NA
William Ekong,Lamine Yamal,1,4,2025,NA
Enis Bardhi,Nuno Mendes,1,4,2025,NA
Conor Bradley,Ousmane Dembélé,1,4,2025,NA
Martin Odegaard,Harry Kane,1,4,2025,NA
Fayiz Alrushaidi,Ousmane Dembélé,1,4,2025,NA
Abdullah Iqbal,Lamine Yamal,1,4,2025,NA
Musab Battat,Kylian Mbappé,1,4,2025,NA
Anibal Godoy,Vitinha,1,4,2025,NA
Raymond Gunemba,Harry Kane,1,4,2025,NA
Gustavo Gomez,Kylian Mbappé,1,4,2025,NA
Pedro Gallese,Pedri,1,4,2025,NA
Amani Aguinaldo,Lamine Yamal,1,4,2025,NA
Robert Lewandowski,Pedri,1,2,2025,NA
Bernardo Silva,Ousmane Dembélé,1,4,2025,NA
Leandro Antonetti,Kylian Mbappé,1,4,2025,NA
Hassan Alhaydos,Pedri,1,4,2025,NA
Nathan Collins,Kylian Mbappé,1,4,2025,NA
Ianis Hagi,Ousmane Dembélé,1,4,2025,NA
Aleksandr Golovin,Ousmane Dembélé,1,4,2025,NA
Djihad Bizimana ,Lamine Yamal,1,4,2025,NA
Andrew Setefano,Harry Kane,1,4,2025,NA
Matteo Vitaioli,Ousmane Dembélé,1,4,2025,NA
Joel Neves,Vitinha,1,4,2025,NA
Salem Aldawsari,Mohamed Salah,1,4,2025,NA
Andrew Robertson,Nuno Mendes,1,4,2025,NA
Kalidou Koulibaly,Lamine Yamal,1,4,2025,NA
Aleksandar Mitrovic,Vitinha,1,4,2025,NA
Elie Nelson Jr Sopha,Achraf Hakimi,1,4,2025,NA
Mustapha Bundu,Lamine Yamal,1,4,2025,NA
Hariss Harun,Vitinha,1,4,2025,NA
Milan Škriniar,Vitinha,1,4,2025,NA
Jan Oblak,Lamine Yamal,1,4,2025,NA
Javin Alick,Ousmane Dembélé,1,4,2025,NA
Abdulsamed Abdullahi,Raphinha,1,4,2025,NA
Ronwen Williams,Achraf Hakimi,1,4,2025,NA
Atir Thomas Tom Magor,Kylian Mbappé,1,4,2025,NA
Unai Simon Mendibil,Nuno Mendes,1,4,2025,NA
Sujan Perera,Kylian Mbappé,1,4,2025,NA
Julani Archibald,Harry Kane,1,4,2025,NA
Oalex Anderson,Vitinha,1,4,2025,NA
Dion Malone,Achraf Hakimi,1,4,2025,NA
Victor Lindelof,Vitinha,1,4,2025,NA
Granit Xhaka,Lamine Yamal,1,4,2025,NA
Omar Khrbin,Achraf Hakimi,1,4,2025,NA
Teaonui Tehau,Ousmane Dembélé,1,4,2025,NA
Akhtam Nazarov,Achraf Hakimi,1,4,2025,NA
Mbwana Ally Samatta,Lamine Yamal,1,4,2025,NA
Chanathip Songkrasin,Lamine Yamal,1,4,2025,NA
Gali Freitas,Nuno Mendes,1,4,2025,NA
Dakonam Ortega Djene,Lamine Yamal,1,4,2025,NA
Hemaloto Polovili,Pedri,1,4,2025,NA
Kevin Molino,Pedri,1,4,2025,NA
Ferjani Sassi,Ousmane Dembélé,1,4,2025,NA
Hakan Calhanoglu,Achraf Hakimi,1,4,2025,NA
Elman Tagayev,Mohamed Salah,1,4,2025,NA
Makenson Cadet,Achraf Hakimi,1,4,2025,NA
Aucho Khalid,Mohamed Salah,1,4,2025,NA
Mykola Matvienko,Harry Kane,1,4,2025,NA
Ali Khaseif,Harry Kane,1,4,2025,NA
Jose Gimenez,Raphinha,1,4,2025,NA
Joshua Ramos,Cole Palmer,1,4,2025,NA
Tim Ream,Nuno Mendes,1,4,2025,NA
Eldor Shomurodov,Lamine Yamal,1,4,2025,NA
Michel Kalmalap Coulon,Raphinha,1,4,2025,NA
Salomón Rondón,Harry Kane,1,4,2025,NA
Manh Do,Nuno Mendes,1,4,2025,NA
Aaron Ramsey,Vitinha,1,4,2025,NA
Harwan Alzubaidi,Lamine Yamal,1,4,2025,NA
Lubambo Musonda,Kylian Mbappé,1,4,2025,NA
Elias Ahmad Manouchehr,Mohamed Salah,1,4,2025,NA
Sylvio Mendes Campos,Raphinha,1,4,2025,NA
Vladimir Petkovic,Harry Kane,1,4,2025,NA
Travis Sinapati,Cole Palmer,1,4,2025,NA
Koldo Alvarez De Eulate,Ousmane Dembélé,1,4,2025,NA
Patrice Alain Marie Beaumelle,Lamine Yamal,1,4,2025,NA
Cleo Hamm,Harry Kane,1,4,2025,NA
Lionel Scaloni,Lamine Yamal,1,4,2025,NA
Melikian Iegishe,Vitinha,1,4,2025,NA
Marvic Bermudez,Lamine Yamal,1,4,2025,NA
Tony Popovic,Vitinha,1,4,2025,NA
Ralf Rangnick,Kylian Mbappé,1,4,2025,NA
Aykhan Abbasov,Mohamed Salah,1,4,2025,NA
Dragan Talajic,Mohamed Salah,1,4,2025,NA
Javier Cabrera,Vitinha,1,4,2025,NA
Kent Edward Hall,Raphinha,1,4,2025,NA
Carlos Alos Ferrer,Pedri,1,4,2025,NA
Rudi Garcia,Vitinha,1,4,2025,NA
Philip Elexious Marin,Ousmane Dembélé,1,4,2025,NA
Gernot Rohr,Harry Kane,1,4,2025,NA
Michael Findlay,Mohamed Salah,1,4,2025,NA
Atsushi Nakamura,Nuno Mendes,1,4,2025,NA
Oscar Villegas,Raphinha,1,4,2025,NA
Sergej Barbarez,Kylian Mbappé,1,4,2025,NA
Morena Ramoreboli,Lamine Yamal,1,4,2025,NA
Carlo Ancelotti,Kylian Mbappé,1,4,2025,NA
David Pérez Asensio,Kylian Mbappé,1,4,2025,NA
Fabio Joaquim Maciel Da Silva,Lamine Yamal,1,4,2025,NA
Aleksandar Dimitrov,Ousmane Dembélé,1,4,2025,NA
Brama Traoré,Lamine Yamal,1,4,2025,NA
Patrick Sangwa,Kylian Mbappé,1,4,2025,NA
Pedro Leitão Brito,Nuno Mendes,1,4,2025,NA
Koji Gyotoku,Lamine Yamal,1,4,2025,NA
Martin Felix Ndtoungou Mpile,Harry Kane,1,4,2025,NA
Jesse Marsch,Lamine Yamal,1,4,2025,NA
Colin Rowe,Raphinha,1,4,2025,NA
Eloge Enza-Yamissi,Achraf Hakimi,1,4,2025,NA
Raoul Savoy,Lamine Yamal,1,4,2025,NA
Nicolas Córdova,Ousmane Dembélé,1,4,2025,NA
Jiayi Shao,Raphinha,1,4,2025,NA
Matthew Barry Ross,Ousmane Dembélé,1,4,2025,NA
Néstor Lorenzo,Ousmane Dembélé,1,4,2025,NA
Stefano Cusin,Lamine Yamal,1,4,2025,NA
Fabrizio Cesana,Lamine Yamal,1,4,2025,NA
Sébastien Desabre,Mohamed Salah,1,4,2025,NA
Tuka Tisam,Vitinha,1,4,2025,NA
Miguel Herrera Aguirre,Achraf Hakimi,1,4,2025,NA
Emerse Fae,Vitinha,1,4,2025,NA
Zlatko Dalić,Pedri,1,4,2025,NA
Pedro Pablo Pereira Mesa,Mohamed Salah,1,4,2025,NA
Dean Gorre,Harry Kane,1,4,2025,NA
Apostolos Mantzios,Raphinha,1,4,2025,NA
Jaroslav Köstl,Vitinha,1,4,2025,NA
Brian Riemer,Lamine Yamal,1,4,2025,NA
Stéphane Nado,Nuno Mendes,1,4,2025,NA
Ellington Sabin,Vitinha,1,4,2025,NA
Marcelo Neveleff,Mohamed Salah,1,4,2025,NA
Sebastián Beccacece,Vitinha,1,4,2025,NA
Hossam Hassan,Kylian Mbappé,1,4,2025,NA
Hernán Gomez,Harry Kane,1,4,2025,NA
Thomas Tuchel,Ousmane Dembélé,1,4,2025,NA
Juan Micha Obiang Bicogo,Vitinha,1,4,2025,NA
Jürgen Henn,Vitinha,1,4,2025,NA
Sifiso Ntibane,Achraf Hakimi,1,4,2025,NA
Messay Teferi,Mohamed Salah,1,4,2025,NA
Eydun Klakstein,Vitinha,1,4,2025,NA
Stephane Auvray,Kylian Mbappé,1,4,2025,NA
Jacob Friis,Kylian Mbappé,1,4,2025,NA
Didier Deschamps,Achraf Hakimi,1,4,2025,NA
Johnathan Mckinstry,Ousmane Dembélé,1,4,2025,NA
Willy Sagnol,Achraf Hakimi,1,4,2025,NA
Julian Nagelsmann,Harry Kane,1,4,2025,NA
Nana Otto Addo,Achraf Hakimi,1,4,2025,NA
Scott Wiseman,Vitinha,1,4,2025,NA
Ivan Jovanovic,Harry Kane,1,4,2025,NA
Anthony Modeste,Achraf Hakimi,1,4,2025,NA
Ross Awa,Ousmane Dembélé,1,4,2025,NA
Luis Fernando Tena Garduño,Mohamed Salah,1,4,2025,NA
Duarte Paulo,Achraf Hakimi,1,4,2025,NA
Emiliano Te,Achraf Hakimi,1,4,2025,NA
Thomas Dooley,Kylian Mbappé,1,4,2025,NA
Sébastien Migné,Ousmane Dembélé,1,4,2025,NA
Reinaldo Rueda Rivera,Cole Palmer,1,4,2025,NA
Ashley Westwood,Harry Kane,1,4,2025,NA
Marco Rossi,Vitinha,1,4,2025,NA
Arnar Gunnlaugsson,Kylian Mbappé,1,4,2025,NA
Khalid Jamil,Nuno Mendes,1,4,2025,NA
Nova Arianto,Lamine Yamal,1,4,2025,NA
Ardeshir Ghalehnoy,Vitinha,1,4,2025,NA
Graham Arnold,Kylian Mbappé,1,4,2025,NA
Ran Ben Simon,Raphinha,1,4,2025,NA
Gennaro Gattuso,Mohamed Salah,1,4,2025,NA
Hajime Moriyasu,Achraf Hakimi,1,4,2025,NA
Jamal Sellami,Ousmane Dembélé,1,4,2025,NA
Talgat Baisufinov,Lamine Yamal,1,4,2025,NA
Benni Mccarthy,Raphinha,1,4,2025,NA
Yun Jong Su,Ousmane Dembélé,1,4,2025,NA
Myung Bo Hong,Vitinha,1,4,2025,NA
Franco Foda,Harry Kane,1,4,2025,NA
Hélio Filipe Dias De Sousa,Nuno Mendes,1,4,2025,NA
Urmat Abdukaimov,Raphinha,1,4,2025,NA
Hyeok-Jun Ha,Harry Kane,1,4,2025,NA
Paolo Nicolato,Pedri,1,4,2025,NA
Miodrag Radulovic,Lamine Yamal,1,4,2025,NA
Leslie Makhetha Notsi,Lamine Yamal,1,4,2025,NA
Alejo Cissé,Pedri,1,4,2025,NA
Konrad Fünfstück,Kylian Mbappé,1,4,2025,NA
Edgaras Jankauskas,Vitinha,1,4,2025,NA
Jeff Strasser,Vitinha,1,4,2025,NA
Kar Lok Kenneth Kwok,Harry Kane,1,4,2025,NA
Corentin Martins,Vitinha,1,4,2025,NA
Kalisto Pasuwa,Mohamed Salah,1,4,2025,NA
Peter Cklamovski,Ousmane Dembélé,1,4,2025,NA
Mohamed Siyaz,Raphinha,1,4,2025,NA
Tom Saintfiet,Ousmane Dembélé,1,4,2025,NA
Emilio De Leo,Kylian Mbappé,1,4,2025,NA
Aritz López Garay,Achraf Hakimi,1,4,2025,NA
Guillaume Moullec,Vitinha,1,4,2025,NA
Javier Aguirre,Achraf Hakimi,1,4,2025,NA
Lilian Popescu,Mohamed Salah,1,4,2025,NA
Garidmagnai Bayasgalan,Ousmane Dembélé,1,4,2025,NA
Mirko Vučinić,Harry Kane,1,4,2025,NA
Angus Eve,Harry Kane,1,4,2025,NA
Hoalid Regragui,Lamine Yamal,1,4,2025,NA
Francisco Queriol Conde Junior,Kylian Mbappé,1,4,2025,NA
Myo Hlaing Win,Lamine Yamal,1,4,2025,NA
Collin Benjamin,Lamine Yamal,1,4,2025,NA
Hari Khadka,Lamine Yamal,1,4,2025,NA
Ronald Koeman,Pedri,1,4,2025,NA
Johan Sidaner,Achraf Hakimi,1,4,2025,NA
Darren Bazeley,Kylian Mbappé,1,4,2025,NA
Marco Antonio Figueroa Montero,Raphinha,1,4,2025,NA
Zakariaou Ibrahim,Lamine Yamal,1,4,2025,NA
Blagoja Milevski,Lamine Yamal,1,4,2025,NA
Michael Oneill,Harry Kane,1,4,2025,NA
Ståle Solbakken,Lamine Yamal,1,4,2025,NA
Carlos Queiroz,Lamine Yamal,1,4,2025,NA
Nolberto Albino Solano Todco,Harry Kane,1,4,2025,NA
Ehab Abu Jazar,Achraf Hakimi,1,4,2025,NA
Thomas Christiansen,Lamine Yamal,1,4,2025,NA
David Muta,Harry Kane,1,4,2025,NA
Gustavo Alfaro,Pedri,1,4,2025,NA
Manuel Barreto,Achraf Hakimi,1,4,2025,NA
Carles Cuadrat,Mohamed Salah,1,4,2025,NA
Jan Urban,Vitinha,1,4,2025,NA
Roberto Martinez,Lamine Yamal,1,4,2025,NA
Charlie Trout,Ousmane Dembélé,1,4,2025,NA
Julen Lopetegui,Pedri,1,4,2025,NA
Heimir Hallgrimsson,Nuno Mendes,1,4,2025,NA
Mircea Lucescu,Kylian Mbappé,1,4,2025,NA
Valeri Karpin,Ousmane Dembélé,1,4,2025,NA
Adel Amrouche,Mohamed Salah,1,4,2025,NA
Valerio Raccuglia,Cole Palmer,1,4,2025,NA
Roberto Cevoli,Raphinha,1,4,2025,NA
Ricardo Monsanto,Mohamed Salah,1,4,2025,NA
Herve Renard,Achraf Hakimi,1,4,2025,NA
Steve Clarke,Mohamed Salah,1,4,2025,NA
Pape Bouna Thiaw,Raphinha,1,4,2025,NA
Veljko Paunovic,Nuno Mendes,1,4,2025,NA
Ralph Jean-Louis,Lamine Yamal,1,4,2025,NA
Mohamed Kallon,Mohamed Salah,1,4,2025,NA
Gavin Lee,Lamine Yamal,1,4,2025,NA
Francesco Calzona,Ousmane Dembélé,1,4,2025,NA
Matjaž Kek,Vitinha,1,4,2025,NA
Josh Smith,Harry Kane,1,4,2025,NA
Yusuf Ali,Lamine Yamal,1,4,2025,NA
Hugo Broos,Achraf Hakimi,1,4,2025,NA
Simon James Yor Kak,Vitinha,1,4,2025,NA
Luis De La Fuente Castillo,Kylian Mbappé,1,4,2025,NA
Abdullah Almutairi,Pedri,1,4,2025,NA
Travis Rogers,Ousmane Dembélé,1,4,2025,NA
Stern John,Lamine Yamal,1,4,2025,NA
Ezra Hendrickson,Kylian Mbappé,1,4,2025,NA
James Appiah,Ousmane Dembélé,1,4,2025,NA
Stanley Menzo,Lamine Yamal,1,4,2025,NA
Graham Potter,Pedri,1,4,2025,NA
Murat Yakin,Kylian Mbappé,1,4,2025,NA
Jose Lana Fernández,Pedri,1,4,2025,NA
Raimana Buluc,Achraf Hakimi,1,4,2025,NA
Goran Stevanovic,Kylian Mbappé,1,4,2025,NA
Miguel Angel Gamondi,Vitinha,1,4,2025,NA
Anthony Hudson,Ousmane Dembélé,1,4,2025,NA
José Pedro Alves Salazar,Lamine Yamal,1,4,2025,NA
Dare Nibombe,Harry Kane,1,4,2025,NA
Kilifi Solia Uele,Kylian Mbappé,1,4,2025,NA
Dwight Yorke,Lamine Yamal,1,4,2025,NA
Trabelsi Sami,Mohamed Salah,1,4,2025,NA
Vincenzo Montella,Mohamed Salah,1,4,2025,NA
Rovshen Meredov,Vitinha,1,4,2025,NA
Aaron Lawrence,Lamine Yamal,1,4,2025,NA
Paul Put,Harry Kane,1,4,2025,NA
Serhii Rebrov,Lamine Yamal,1,4,2025,NA
Olaroiu Cosmin,Harry Kane,1,4,2025,NA
Marcelo Bielsa,Pedri,1,4,2025,NA
Terrence Jones,Achraf Hakimi,1,4,2025,NA
Mauricio Pochettino,Harry Kane,1,4,2025,NA
Fabio Cannavaro,Vitinha,1,4,2025,NA
Lars Hopp,Mohamed Salah,1,4,2025,NA
Oswaldo Vizcarrondo,Lamine Yamal,1,4,2025,NA
Sang Sik Kim,Nuno Mendes,1,4,2025,NA
Noureddine Ouldali,Mohamed Salah,1,4,2025,NA
Moses Sichone,Mohamed Salah,1,4,2025,NA
Mario Marinica,Achraf Hakimi,1,4,2025,NA
Sayer Zaland,Lamine Yamal,1,4,2025,NA
Endi Tufa,Harry Kane,1,4,2025,NA
Mohammed Rachid Belarbi,Vitinha,1,4,2025,NA
Victor Duaso Saludas,Raphinha,1,4,2025,NA
Geraldo Quiala,Ousmane Dembélé,1,4,2025,NA
Claudio Mauri,Cole Palmer,1,4,2025,NA
Robert Gasparyan,Ousmane Dembélé,1,4,2025,NA
Andrew Vrolijk,Achraf Hakimi,1,4,2025,NA
Vince Rugari,Lamine Yamal,1,4,2025,NA
Stefan Grüneis,Lamine Yamal,1,4,2025,NA
Rasim Mövsümov,Achraf Hakimi,1,4,2025,NA
Abdulla Ashoor,Lamine Yamal,1,4,2025,NA
Zaman Rejwan Uz,Mohamed Salah,1,4,2025,NA
Sergey Nikolaev,Raphinha,1,4,2025,NA
Kristof Terreur,Vitinha,1,4,2025,NA
Mehluli Sibanda,Lamine Yamal,1,4,2025,NA
Thinley Namgay,Cole Palmer,1,4,2025,NA
Rainer Durán Urquizu,Mohamed Salah,1,4,2025,NA
Emir Delić,Mohamed Salah,1,4,2025,NA
Gaone Pearl Kerileng,Achraf Hakimi,1,4,2025,NA
Carlos Eduardo Mansur,Ousmane Dembélé,1,4,2025,NA
Boyan Boychev,Lamine Yamal,1,4,2025,NA
Siriki Dramé,Ousmane Dembélé,1,4,2025,NA
Liliane Nshimirimana,Pedri,1,4,2025,NA
Chamroeun Ung,Lamine Yamal,1,4,2025,NA
Angu Lesley Ngwa Akonwi,Kylian Mbappé,1,4,2025,NA
Neil Davidson,Vitinha,1,4,2025,NA
Bienvenu Elie Gbelo,Nuno Mendes,1,4,2025,NA
Salahadine Mahamat Sabour,Lamine Yamal,1,4,2025,NA
Danilo Díaz,Ousmane Dembélé,1,4,2025,NA
Dexing Ma,Mohamed Salah,1,4,2025,NA
Chihwei Hung,Nuno Mendes,1,4,2025,NA
Diego Rueda ,Vitinha,1,4,2025,NA
Djouma Elie-Dine,Mohamed Salah,1,4,2025,NA
Michel Tobo,Pedri,1,4,2025,NA
Rashneel Kumar Madhur,Lamine Yamal,1,4,2025,NA
David Goldberg,Vitinha,1,4,2025,NA
Malick Traoré,Vitinha,1,4,2025,NA
Robert Matteoni,Lamine Yamal,1,4,2025,NA
Yasiel Cancio,Vitinha,1,4,2025,NA
Carl Ruiter,Lamine Yamal,1,4,2025,NA
Andreas Violaris,Raphinha,1,4,2025,NA
Jan Palička,Mohamed Salah,1,4,2025,NA
Klaus Egelund,Vitinha,1,4,2025,NA
Yacin Ahmed Moussa,Lamine Yamal,1,4,2025,NA
Garvin Richards,Kylian Mbappé,1,4,2025,NA
Jorge Rolando `,Harry Kane,1,4,2025,NA
Tito Rosales Cox,Lamine Yamal,1,4,2025,NA
Hady Elmadany,Lamine Yamal,1,4,2025,NA
Josué Valiente,Pedri,1,4,2025,NA
John Cross,Vitinha,1,4,2025,NA
Yolanda Aseco Esono Mangue,Pedri,1,4,2025,NA
Michael Seium,Raphinha,1,4,2025,NA
Aet Suvari,Mohamed Salah,1,4,2025,NA
Ashmond Innocent Nzima,Mohamed Salah,1,4,2025,NA
Hussen Abdulkeni,Achraf Hakimi,1,4,2025,NA
Símun Christian Olsen,Raphinha,1,4,2025,NA
Anssi Karjalainen,Achraf Hakimi,1,4,2025,NA
Cyrille De La Morinerie,Vitinha,1,4,2025,NA
Momodou Bah,Vitinha,1,4,2025,NA
Mamuka Kvaratskhelia,Achraf Hakimi,1,4,2025,NA
Georg Holzner,Nuno Mendes,1,4,2025,NA
Gary Al Smith,Achraf Hakimi,1,4,2025,NA
Stephen Ignacio,Harry Kane,1,4,2025,NA
Nikolaos Kotsis,Mohamed Salah,1,4,2025,NA
Michael Bascombe,Kylian Mbappé,1,4,2025,NA
Joseph Santo Tomas,Vitinha,1,4,2025,NA
Carlos Marín Noriega,Lamine Yamal,1,4,2025,NA
Alpha Mady Touré,Nuno Mendes,1,4,2025,NA
Rawle Toney,Raphinha,1,4,2025,NA
Lutherson Leon,Raphinha,1,4,2025,NA
Gonzalo Carias,Vitinha,1,4,2025,NA
Ho Yin Kwok,Achraf Hakimi,1,4,2025,NA
György Szöllösi,Kylian Mbappé,1,4,2025,NA
Vidir Sigurdsson,Mohamed Salah,1,4,2025,NA
Dhiman Sarkar,Nuno Mendes,1,4,2025,NA
Muhamad Rais Adnan,Kylian Mbappé,1,4,2025,NA
Masoud Hossein,Vitinha,1,4,2025,NA
Arshed Alsaedi,Lamine Yamal,1,4,2025,NA
Uri Dagon,Nuno Mendes,1,4,2025,NA
Pierluigi Pardo,Mohamed Salah,1,4,2025,NA
Brian Lewis,Raphinha,1,4,2025,NA
Hideo Tamaru,Raphinha,1,4,2025,NA
Taiser Alomiri,Lamine Yamal,1,4,2025,NA
Geniy Tulegenov,Kylian Mbappé,1,4,2025,NA
Eric Njiru,Lamine Yamal,1,4,2025,NA
Gun Lee,Mohamed Salah,1,4,2025,NA
Lavdim Pireva,Kylian Mbappé,1,4,2025,NA
Abdulaziz Jassim,Achraf Hakimi,1,4,2025,NA
Bakyt Shukuraliev,Nuno Mendes,1,4,2025,NA
Ekasanh Thipphachack,Harry Kane,1,4,2025,NA
Ilvars Koscinkevics,Ousmane Dembélé,1,4,2025,NA
Hachem Makkeh,Raphinha,1,4,2025,NA
Moorosi Simon Tsiane,Kylian Mbappé,1,4,2025,NA
Anthony Kokoi,Mohamed Salah,1,4,2025,NA
Haithem Elamari,Kylian Mbappé,1,4,2025,NA
Jan Stärker,Vitinha,1,4,2025,NA
Mindaugas Augustis,Mohamed Salah,1,4,2025,NA
Christelle Diederich,Vitinha,1,4,2025,NA
Samson Randrianiheriniaina,Lamine Yamal,1,4,2025,NA
Peter Kanjere,Vitinha,1,4,2025,NA
Ajitpal Singh Dhaliwal,Vitinha,1,4,2025,NA
Azzam Ali,Mohamed Salah,1,4,2025,NA
Boubacar Diakite,Lamine Yamal,1,4,2025,NA
Domenic Aquilina,Ousmane Dembélé,1,4,2025,NA
Brahim Sow Deïna,Mohamed Salah,1,4,2025,NA
Francisco Javier González,Lamine Yamal,1,4,2025,NA
Alex Fosa,Cole Palmer,1,4,2025,NA
Enkhtuvshin Tserensodnom,Kylian Mbappé,1,4,2025,NA
Danilo Mitrovic,Cole Palmer,1,4,2025,NA
Basil Chambers,Mohamed Salah,1,4,2025,NA
Jalal Bounouar,Kylian Mbappé,1,4,2025,NA
João Arnaldo Carlija Chivale,Lamine Yamal,1,4,2025,NA
Sheefeni Nikodemus,Nuno Mendes,1,4,2025,NA
Bikram Thapa,Nuno Mendes,1,4,2025,NA
Jaap De Groot,Mohamed Salah,1,4,2025,NA
Martin Charmasson,Raphinha,1,4,2025,NA
Michael Burgess,Mohamed Salah,1,4,2025,NA
Jose Nectali Mora Zeledon,Kylian Mbappé,1,4,2025,NA
Abdel Malik Koudizé,Mohamed Salah,1,4,2025,NA
Oluwashina Okeleji,Mohamed Salah,1,4,2025,NA
Igor Panevski,Mohamed Salah,1,4,2025,NA
Mark Mcintosh,Vitinha,1,4,2025,NA
Morten Pedersen,Mohamed Salah,1,4,2025,NA
Nasser Darwish,Lamine Yamal,1,4,2025,NA
Chaudhry Muhammad Ashraf,Raphinha,1,4,2025,NA
Majdi Qasem,Ousmane Dembélé,1,4,2025,NA
David Samudio Garay,Kylian Mbappé,1,4,2025,NA
Patricia Keamo,Mohamed Salah,1,4,2025,NA
Edgar Cantero,Vitinha,1,4,2025,NA
Pedro Eduardo Canelo Quispe,Raphinha,1,4,2025,NA
Ryan Fenix,Mohamed Salah,1,4,2025,NA
Michal Pol,Vitinha,1,4,2025,NA
Vítor Serpa,Nuno Mendes,1,1,2025,NA
Esteban Pagán Rivera,Lamine Yamal,1,4,2025,NA
Ali Almslmani,Achraf Hakimi,1,4,2025,NA
Philip Quinn,Nuno Mendes,1,4,2025,NA
Theodor Jumatate,Mohamed Salah,1,4,2025,NA
Oleg Koshelev,Mohamed Salah,1,4,2025,NA
Eddie Nsabimana,Kylian Mbappé,1,4,2025,NA
Elia Gorini,Vitinha,1,4,2025,NA
Sultan Almohawes,Achraf Hakimi,1,4,2025,NA
Scott Mcdermott,Harry Kane,1,4,2025,NA
Thierno Souleymane Diallo,Kylian Mbappé,1,4,2025,NA
Milan Rasevic,Kylian Mbappé,1,4,2025,NA
Sahr Morris Jr,Lamine Yamal,1,4,2025,NA
David Lee,Ousmane Dembélé,1,4,2025,NA
Michal Zeman,Harry Kane,1,4,2025,NA
Anze Baselj,Raphinha,1,4,2025,NA
Crofton Utukana,Lamine Yamal,1,4,2025,NA
Gamadiid Guurre,Kylian Mbappé,1,4,2025,NA
Robert Marawa,Mohamed Salah,1,4,2025,NA
Albino Kuek Deng Kuach,Achraf Hakimi,1,4,2025,NA
Juan Ignacio Gallardo,Kylian Mbappé,1,4,2025,NA
Neville Victor Anthony,Ousmane Dembélé,1,4,2025,NA
Terry Finisterre,Kylian Mbappé,1,4,2025,NA
Tahir Salih,Kylian Mbappé,1,4,2025,NA
Desney Romeo,Achraf Hakimi,1,4,2025,NA
Simon Bank,Pedri,1,4,2025,NA
Tobias Wedermann,Vitinha,1,4,2025,NA
Mohamad Nadim Aljabi,Achraf Hakimi,1,4,2025,NA
Olivier Huc,Kylian Mbappé,1,4,2025,NA
Faridun Saliev,Mohamed Salah,1,4,2025,NA
Evance Mhando,Mohamed Salah,1,4,2025,NA
Kim Junumporn,Raphinha,1,4,2025,NA
Kodjo Sedem Gounoubou,Ousmane Dembélé,1,4,2025,NA
Justin Akauola,Ousmane Dembélé,1,4,2025,NA
Ian Prescott,Raphinha,1,4,2025,NA
Tarek Ghdiri,Pedri,1,4,2025,NA
Serkan Saydam,Lamine Yamal,1,4,2025,NA
Alexander Vershinin,Cole Palmer,1,4,2025,NA
Mayamba Stephen,Achraf Hakimi,1,4,2025,NA
Valerii Novobranets,Harry Kane,1,4,2025,NA
Omran Mohamed,Mohamed Salah,1,4,2025,NA
Rómulo Martínez Chenlo,Achraf Hakimi,1,4,2025,NA
Amara Gilbert,Cole Palmer,1,4,2025,NA
Douglas Mcintyre,Raphinha,1,4,2025,NA
Davron Fayziev,Raphinha,1,4,2025,NA
Humberto Perozo Suárez,Lamine Yamal,1,4,2025,NA
Minh Viet Nguyen,Cole Palmer,1,4,2025,NA
Paul Abbandonato,Mohamed Salah,1,4,2025,NA
Basheer Senan,Achraf Hakimi,1,4,2025,NA
Elias Chipepo,Kylian Mbappé,1,4,2025,NA
Sikhumbuzo Moyo,Nuno Mendes,1,4,2025,NA
Farshad Noor,Erling Haaland,5,4,2023,NA
Berat Djimsiti,Lionel Messi,5,4,2023,NA
Riyad Mahrez,Rodri,5,4,2023,NA
Nicky Salapu,Erling Haaland,5,2,2023,NA
Marc Pujol Pons,Lionel Messi,5,4,2023,NA
Fredy Ribeiro,Lionel Messi,5,4,2023,NA
Germain Hughes,Lionel Messi,5,4,2023,NA
Quinton Griffith,Lionel Messi,5,4,2023,NA
Lionel Messi,Erling Haaland,5,4,2023,NA
Varazdat Haroyan,Bernardo Silva,5,4,2023,NA
Fernando Lewis,Lionel Messi,5,4,2023,NA
Mathew Ryan,Lionel Messi,5,4,2023,NA
David Alaba,Erling Haaland,5,4,2023,NA
Emin Makhmudov,Erling Haaland,5,4,2023,NA
Leslie St. Fleur,Lionel Messi,5,4,2023,NA
Sayed Mohamed Abbas,Lionel Messi,5,4,2023,NA
Jamal Bhuyan,Lionel Messi,5,4,2023,NA
Jomo Harris,Lionel Messi,5,4,2023,NA
Siarhei Palitsevich,Erling Haaland,5,4,2023,NA
Romelu Lukaku Bolingoli,Lionel Messi,5,4,2023,NA
Evral Trapp,Lionel Messi,5,4,2023,NA
Steve Mounie,Erling Haaland,5,4,2023,NA
Dale Eve,Erling Haaland,5,4,2023,NA
Chencho Gyeltshen,Erling Haaland,5,4,2023,NA
Marcelo Martins Moreno,Erling Haaland,5,4,2023,NA
Edin Dzeko,Lionel Messi,5,4,2023,NA
Thatayaone Ditlhokwe,Kevin De Bruyne,5,4,2023,NA
Carlos Casemiro,Erling Haaland,5,4,2023,NA
Mohd Hendra Azam Mohd Idris,Kylian Mbappé,5,4,2023,NA
Kiril Despodov,Erling Haaland,5,4,2023,NA
Bertrand Traoré,Erling Haaland,5,4,2023,NA
Frederic Nsabiyumva,Erling Haaland,5,4,2023,NA
"Ryan Mendes
",Lionel Messi,5,4,2023,NA
Kouch Sokumpheak,Lionel Messi,5,4,2023,NA
Vincent Aboubakar,Erling Haaland,5,4,2023,NA
Milan Borjan,Lionel Messi,5,4,2023,NA
Dandre Rowe,Erling Haaland,5,4,2023,NA
Saint-Cyr Ngam-Ngam,Lionel Messi,5,4,2023,NA
Ahmat Abdraman,Lionel Messi,5,4,2023,NA
Gary Medel Soto,Lionel Messi,5,4,2023,NA
Xi Wu,Lionel Messi,5,4,2023,NA
Chun-Ching Wu,Lionel Messi,5,4,2023,NA
Radamel Flacao Garcia Zarate,Lionel Messi,5,4,2023,NA
Elfardou Ben Mohamed,Lionel Messi,5,4,2023,NA
Silvere Ganvoula Mboussy,Kevin De Bruyne,5,4,2023,NA
Chancel Mbemba,Lionel Messi,5,4,2023,NA
Tahiri Elikana,Lionel Messi,5,4,2023,NA
Keilor Navas Gamboa,Kylian Mbappé,5,4,2023,NA
Max Alain Gradel,Erling Haaland,5,4,2023,NA
Luka Modric,Lionel Messi,5,4,2023,NA
Luis Javier Paradela Diaz,Erling Haaland,5,4,2023,NA
Leandro Bacuna,Lionel Messi,5,4,2023,NA
Kostakis Artymatas,Lionel Messi,5,4,2023,NA
Tomas Soucek,Erling Haaland,5,4,2023,NA
Simon Kjär,Lionel Messi,5,4,2023,NA
Hamze Abdi Idleh,Lionel Messi,5,4,2023,NA
Glenson Prince,Erling Haaland,5,4,2023,NA
Jean Carlos López Moscoso,Lionel Messi,5,4,2023,NA
Enner Valencia,Lionel Messi,5,4,2023,NA
Mohamed Salah,Lionel Messi,5,4,2023,NA
Mario Gonzalez,Kevin De Bruyne,5,4,2023,NA
Harry Kane,Lionel Messi,5,4,2023,NA
Emilio Nsue Lopez,Lionel Messi,5,4,2023,NA
Ablelom Teklezghi Gebreyowhnnes,Erling Haaland,5,4,2023,NA
Konstantin Vassiljev,Lionel Messi,5,4,2023,NA
Sifiso Matse,Lionel Messi,5,4,2023,NA
Bekele Shemeles,Erling Haaland,5,4,2023,NA
Viljormur Davidsen,Lionel Messi,5,4,2023,NA
Roy Krishna,Lionel Messi,5,4,2023,NA
Lukas Hradecky,Lionel Messi,5,4,2023,NA
Kylian Mbappé,Lionel Messi,5,4,2023,NA
Bruno Ecuele Manga,Erling Haaland,5,4,2023,NA
Guram Kashia,Lionel Messi,5,4,2023,NA
İlkay Gündoğan,Erling Haaland,5,2,2023,NA
André Ayew,Erling Haaland,5,4,2023,NA
Roy Chipolina,Erling Haaland,5,4,2023,NA
Anastasios Bakasetas,Lionel Messi,5,4,2023,NA
Jacob Kwame Berkeley Agyepong,Lionel Messi,5,4,2023,NA
Jason Ryan Quitugua Cunliffe,Lionel Messi,5,4,2023,NA
José Carlos Pinto Samayoa,Lionel Messi,5,4,2023,NA
Naby Keita,Erling Haaland,5,4,2023,NA
Jonas Asvedo Mendes,Victor Osimhen,5,4,2023,NA
Daniel Wilson,Erling Haaland,5,4,2023,NA
Johny Placide,Lionel Messi,5,4,2023,NA
Antony Lozano,Lionel Messi,5,4,2023,NA
Hung Fai Yapp,Kevin De Bruyne,5,4,2023,NA
Dominik Szoboszlai,Erling Haaland,5,4,2023,NA
Aron Gunnarsson,Erling Haaland,5,4,2023,NA
Sunil Chhetri,Erling Haaland,5,4,2023,NA
Asnawi Mangkualam Bahar,Lionel Messi,5,4,2023,NA
Ehsan Hajisafi,Erling Haaland,5,4,2023,NA
Jalal Hassan,Erling Haaland,5,4,2023,NA
Eliezer Dasa,Lionel Messi,5,4,2023,NA
Gianluigi Donnarumma,Lionel Messi,5,2,2023,NA
Andre Blake,Lionel Messi,5,4,2023,NA
Wataru Endo,Kevin De Bruyne,5,4,2023,NA
Ehsan Haddad,Kylian Mbappé,5,4,2023,NA
Ashkat Tagybergen,Kylian Mbappé,5,4,2023,NA
Michael Olunga Ogada,Lionel Messi,5,4,2023,NA
Heung Min Son,Lionel Messi,5,4,2023,NA
Amir Rrahmani,Victor Osimhen,5,4,2023,NA
Khaled Ibrahim,Erling Haaland,5,4,2023,NA
Kichin Valerii,Erling Haaland,5,4,2023,NA
Phoutdavy Phommasane,Kevin De Bruyne,5,4,2023,NA
Kristers Tobers,Lionel Messi,5,4,2023,NA
Hassan Maatouk,Lionel Messi,5,4,2023,NA
Sekhoane Benedict Moerane,Erling Haaland,5,4,2023,NA
William Jebor,Victor Osimhen,5,4,2023,NA
Taher Binamer,Erling Haaland,5,4,2023,NA
Nicolas Hasler,Lionel Messi,5,4,2023,NA
Fedor Cernych,Erling Haaland,5,4,2023,NA
Laurent Jans,Erling Haaland,5,4,2023,NA
Nicholas Mario De Almeida Torrao,Erling Haaland,5,4,2023,NA
Rayan Raveloson,Lionel Messi,5,4,2023,NA
John Banda,Erling Haaland,5,4,2023,NA
Matthew Davies,Erling Haaland,5,4,2023,NA
Ali Samooh,Erling Haaland,5,4,2023,NA
Hamari Traore,Victor Osimhen,5,4,2023,NA
Steve Borg,Lionel Messi,5,4,2023,NA
Yaly Mohamed Dellah,Lionel Messi,5,4,2023,NA
Emmanuel Vincent Jean,Kylian Mbappé,5,4,2023,NA
Guillermo Ochoa,Lionel Messi,5,4,2023,NA
Rata Vadim,Erling Haaland,5,4,2023,NA
Tsendayush Khurelbaatar,Kylian Mbappé,5,4,2023,NA
Stevan Jovetic,Lionel Messi,5,4,2023,NA
Lyle Taylor,Declan Rice,5,4,2023,NA
Romain Ghanem Saiss,Erling Haaland,5,4,2023,NA
Elias Pelembe,Lionel Messi,5,4,2023,NA
Lwin Maung Maung,Erling Haaland,5,4,2023,NA
Ananias Gebhardt,Erling Haaland,5,4,2023,NA
Kiran Limbu Chemjong,Lionel Messi,5,4,2023,NA
Virgil Van Dijk,Lionel Messi,5,4,2023,NA
Morgan Mathelon,Erling Haaland,5,4,2023,NA
Chris Wood,Erling Haaland,5,4,2023,NA
Juan Barrera,Kylian Mbappé,5,4,2023,NA
Youssouf Oumarou,Erling Haaland,5,4,2023,NA
Ahmed Musa,Victor Osimhen,5,1,2023,NA
Enis Bardhi,Erling Haaland,5,4,2023,NA
Jonathan Evans,Lionel Messi,5,4,2023,NA
Martin Odegaard,Erling Haaland,5,1,2023,NA
Harib Al-Saadi,İlkay Gündoğan,5,4,2023,NA
Easah Suliman,Erling Haaland,5,4,2023,NA
Musab Battat,Lionel Messi,5,4,2023,NA
Anibal Godoy,Lionel Messi,5,4,2023,NA
Raymond Gunemba,Lionel Messi,5,4,2023,NA
Gustavo Gomez,Lionel Messi,5,4,2023,NA
Paolo Guerrero,Lionel Messi,5,4,2023,NA
Neil Etheridge,Lionel Messi,5,4,2023,NA
Robert Lewandowski,Lionel Messi,5,4,2023,NA
Kepler Ferreira,Bernardo Silva,5,1,2023,NA
Nicolas Cardona,Lionel Messi,5,4,2023,NA
Hassan Al-Haydos,Lionel Messi,5,4,2023,NA
Seamus Coleman,Kevin De Bruyne,5,4,2023,NA
Nicolae Stanciu,Lionel Messi,5,4,2023,NA
Georgi Dzhikiya,Khvicha Kvaratskhelia,5,4,2023,NA
Djihad Bizimana,Lionel Messi,5,4,2023,NA
Kyah Cahill,Erling Haaland,5,4,2023,NA
Alessandro Golinucci,Erling Haaland,5,4,2023,NA
Luis Anjos,Kylian Mbappé,5,4,2023,NA
Salman Alfaraj,Lionel Messi,5,4,2023,NA
Andrew Robertson,Lionel Messi,5,4,2023,NA
Kalidou Koulibaly,Lionel Messi,5,4,2023,NA
Dusan Tadic,Kevin De Bruyne,5,4,2023,NA
Benoit Marie,Erling Haaland,5,4,2023,NA
Osman Kakay,Lionel Messi,5,4,2023,NA
Hariss Harun,Kylian Mbappé,5,4,2023,NA
Milan Škriniar,Lionel Messi,5,4,2023,NA
Jan Oblak,Lionel Messi,5,4,2023,NA
Joses Nawo,Lionel Messi,5,4,2023,NA
Ahmed Abdullahi Abdi Baanuu,Kylian Mbappé,5,4,2023,NA
Ronwen Williams,Erling Haaland,5,4,2023,NA
Peter Mabok,Kylian Mbappé,5,4,2023,NA
Alvaro Morata Martin,Rodri,5,1,2023,NA
Sujan Perera,Erling Haaland,5,4,2023,NA
Julani Archibald,Lionel Messi,5,4,2023,NA
Terell Thomas,Lionel Messi,5,4,2023,NA
Cornelius Stewart,Lionel Messi,5,4,2023,NA
Shaquille Pinas,Lionel Messi,5,4,2023,NA
Victor Lindelof,Erling Haaland,5,4,2023,NA
Granit Xhaka,Lionel Messi,5,4,2023,NA
Omar Alsoma,Kylian Mbappé,5,4,2023,NA
Teaonui Tehau,Lionel Messi,5,4,2023,NA
Parviz Umarbaev,İlkay Gündoğan,5,4,2023,NA
Mbwana Ally Samatta,Erling Haaland,5,4,2023,NA
Theerathon Bunmathan,Lionel Messi,5,4,2023,NA
Omar Colley,Lionel Messi,5,4,2023,NA
Filomeno Junior Da Costa,İlkay Gündoğan,5,4,2023,NA
Dakonam Ortega Djene,Erling Haaland,5,4,2023,NA
Hemaloto Polovili,Lionel Messi,5,4,2023,NA
Aubrey David,Erling Haaland,5,4,2023,NA
Youssef Msakni,Lionel Messi,5,4,2023,NA
Hakan Calhanoglu,Lionel Messi,5,4,2023,NA
Arslanmyrat Amanov,Lionel Messi,5,4,2023,NA
Billy Forbes,Erling Haaland,5,4,2023,NA
Emmanuel Arnold Okwi,Lionel Messi,5,4,2023,NA
Andriy Yarmolenko,Lionel Messi,5,4,2023,NA
Ali Khaseif,Kevin De Bruyne,5,4,2023,NA
Federico Valverde,Lionel Messi,5,4,2023,NA
James Mack,Kevin De Bruyne,5,4,2023,NA
Christian Mate Pulisic,Lionel Messi,5,4,2023,NA
Eldor Shomurodov,Lionel Messi,5,4,2023,NA
Brian Kaltak,Lionel Messi,5,4,2023,NA
Tomas Rincon,Lionel Messi,5,4,2023,NA
Ngoc Hai Que,Erling Haaland,5,4,2023,NA
Aaron Ramsey,Lionel Messi,5,4,2023,NA
Wahid Alkhyad,Lionel Messi,5,4,2023,NA
Lubambo Musonda,Lionel Messi,5,4,2023,NA
Marvelous Nakamba,Kylian Mbappé,5,4,2023,NA
Abdullah Almutairi,Lionel Messi,5,4,2023,NA
Sylvio Mendes Campos,Erling Haaland,5,4,2023,NA
Djamel Belmadi,Erling Haaland,5,4,2023,NA
Tunoa Lui,Lionel Messi,5,4,2023,NA
Koldo Alvarez De Eulate,Rodri,5,4,2023,NA
Pedro Valdemar Soares Gonçalves,Erling Haaland,5,4,2023,NA
Nigel Connor,Kevin De Bruyne,5,4,2023,NA
Mikele Leigertwood,Erling Haaland,5,4,2023,NA
Lionel Scaloni,Lionel Messi,5,1,2023,NA
Oleksandr Petrakov,Erling Haaland,5,4,2023,NA
Marvic Bermudez,Lionel Messi,5,4,2023,NA
Graham Arnold,Erling Haaland,5,4,2023,NA
Ralf Rangnick,Erling Haaland,5,4,2023,NA
Giovanni De Biasi,Erling Haaland,5,4,2023,NA
Nesly Jean,Lionel Messi,5,4,2023,NA
Juan Antonio Pizzi,Lionel Messi,5,4,2023,NA
Javier Cabrera,Erling Haaland,5,4,2023,NA
Orlando Costa,Lionel Messi,5,4,2023,NA
Carlos Alos Ferrer,Lionel Messi,5,4,2023,NA
Domenico Tedesco,Kevin De Bruyne,5,1,2023,NA
David Pérez Asensio,Erling Haaland,5,4,2023,NA
Gernot Rohr,Kylian Mbappé,5,4,2023,NA
Michael Findlay,Erling Haaland,5,4,2023,NA
Pema Dorji,Kylian Mbappé,5,4,2023,NA
Gustavo Costas,Lionel Messi,5,4,2023,NA
Meho Kodro,Erling Haaland,5,4,2023,NA
Mogomotsi Mpote,Kylian Mbappé,5,4,2023,NA
Fernando Diniz,Lionel Messi,5,4,2023,NA
Mario Rivera Campesino,Rodri,5,4,2023,NA
Mladen Krstajić,Erling Haaland,5,4,2023,NA
Hubert Velud,Erling Haaland,5,4,2023,NA
Etienne Ndayiragije,Lionel Messi,5,4,2023,NA
Pedro Leitão Brito,Lionel Messi,5,4,2023,NA
Felix Agustin Gonzalez Dalmas,Lionel Messi,5,4,2023,NA
Rigobert Song Bahanag,Lionel Messi,5,4,2023,NA
Mauro Biello,Lionel Messi,5,4,2023,NA
Claudio Garcia,Bernardo Silva,5,4,2023,NA
Raoul Savoy,Erling Haaland,5,4,2023,NA
Kevin Nicaise,Kevin De Bruyne,5,4,2023,NA
Eduardo Berizzo,Lionel Messi,5,4,2023,NA
Aleksandar Jankovic,Lionel Messi,5,4,2023,NA
Gary White,Kevin De Bruyne,5,4,2023,NA
Néstor Lorenzo,Lionel Messi,5,4,2023,NA
Stefano Cusin,Lionel Messi,5,4,2023,NA
Paul Put,Kevin De Bruyne,5,4,2023,NA
Sébastien Desabre,Erling Haaland,5,4,2023,NA
Alan Taylor,Erling Haaland,5,4,2023,NA
Claudio Alejandro Vivas,Lionel Messi,5,4,2023,NA
Jean Louis Gasset,Kylian Mbappé,5,4,2023,NA
Yunielys Castillo Carmenate,Erling Haaland,5,4,2023,NA
Dean Gorre,Lionel Messi,5,4,2023,NA
Temur Ketsbaia,Lionel Messi,5,4,2023,NA
Jaroslav Silhavy,Erling Haaland,5,4,2023,NA
Kasper Hjulmand,Kevin De Bruyne,5,4,2023,NA
Abdirahman Okieh Hadi,Kylian Mbappé,5,4,2023,NA
Ellington Sabin,Erling Haaland,5,4,2023,NA
Marcelo Neveleff,Lionel Messi,5,4,2023,NA
Felix Sanchez Bas,Kevin De Bruyne,5,4,2023,NA
Rui Vitoria,Bernardo Silva,5,4,2023,NA
Ruben De La Barrera,Rodri,5,4,2023,NA
Gareth Southgate,Erling Haaland,5,4,2023,NA
Juan Micha Obiang Bicogo,Erling Haaland,5,4,2023,NA
Ermais Tewelde Asmorom,Lionel Messi,5,4,2023,NA
Häberli Thomas,Lionel Messi,5,4,2023,NA
Dominic Kuseni Kunene,Erling Haaland,5,4,2023,NA
Daniel Woldde,Kevin De Bruyne,5,4,2023,NA
Hakan Ericson,Erling Haaland,5,4,2023,NA
Timo Jankowski,Erling Haaland,5,4,2023,NA
Markku Kanerva,Erling Haaland,5,4,2023,NA
Didier Deschamps,Kylian Mbappé,5,1,2023,NA
Willy Sagnol,Khvicha Kvaratskhelia,5,1,2023,NA
Julian Nagelsmann,Kylian Mbappé,5,4,2023,NA
Christopher Hughton,Lionel Messi,5,4,2023,NA
Julio Ribas,Erling Haaland,5,4,2023,NA
Gustavo Poyet,Lionel Messi,5,4,2023,NA
Terry Connor,Erling Haaland,5,4,2023,NA
Ross Awa,Erling Haaland,5,4,2023,NA
Luis Fernando Tena Garduño,Erling Haaland,5,4,2023,NA
Kaba Diawara,Kylian Mbappé,5,4,2023,NA
Baciro Candé,Kylian Mbappé,5,4,2023,NA
Jamaal Shabazz,Lionel Messi,5,4,2023,NA
Gabriel Calderon Pellegrino,Kylian Mbappé,5,4,2023,NA
Reinaldo Rueda Rivera,Lionel Messi,5,4,2023,NA
Jörn Andersen,Erling Haaland,5,4,2023,NA
Marco Rossi,Erling Haaland,5,4,2023,NA
Joey Gudjonsson,Lionel Messi,5,4,2023,NA
Igor Stimac,Rodri,5,4,2023,NA
Taeyong Shin,Lionel Messi,5,4,2023,NA
Ardeshir Ghalehnoy,Lionel Messi,5,4,2023,NA
Jesus Casas,Rodri,5,4,2023,NA
Alon Hazan,Lionel Messi,5,4,2023,NA
Luciano Spalletti,Lionel Messi,5,4,2023,NA
John Wall,Erling Haaland,5,4,2023,NA
Hajime Moriyasu,Kylian Mbappé,5,4,2023,NA
Lhoussaine Ammouta,Kylian Mbappé,5,4,2023,NA
Magomed Adiev,Lionel Messi,5,4,2023,NA
Engin Firat,Kylian Mbappé,5,4,2023,NA
Yong Nam Sin,Lionel Messi,5,4,2023,NA
Juergen Klinsmann,Erling Haaland,5,4,2023,NA
Primoz Gliha,Marcelo Brozović,5,4,2023,NA
Rui Bento,Erling Haaland,5,4,2023,NA
Stefan Tarkovic,Lionel Messi,5,4,2023,NA
Kanlaya Sysomvang,Lionel Messi,5,4,2023,NA
Dainis Kazakevics,Erling Haaland,5,4,2023,NA
Aleksandar Ilic,Lionel Messi,5,4,2023,NA
Leslie Makhetha Notsi,Lionel Messi,5,4,2023,NA
Ansumana Keita,Erling Haaland,5,4,2023,NA
Salem El Jelali,Erling Haaland,5,4,2023,NA
Konrad Fünfstück,Kylian Mbappé,5,4,2023,NA
Edgaras Jankauskas,Lionel Messi,5,4,2023,NA
Luc Holtz,Lionel Messi,5,4,2023,NA
Lazaro Fonseca Da Costa Oliveira,Bernardo Silva,5,4,2023,NA
Romuald Felix Rakotondrabe,Erling Haaland,5,4,2023,NA
Patrick Mabedi,Kylian Mbappé,5,4,2023,NA
Kim Pan Gon,Erling Haaland,5,4,2023,NA
Ali Suzain,Erling Haaland,5,4,2023,NA
Eric Sekou Chelle,Erling Haaland,5,4,2023,NA
Michele Marcolini,Kylian Mbappé,5,4,2023,NA
Amir Abdou,Bernardo Silva,5,4,2023,NA
Etienne Olivier Fidy Rasoanaivo,Lionel Messi,5,4,2023,NA
Jaime Arturo Lozano Espin,Erling Haaland,5,4,2023,NA
Serghei Clescenco,Lionel Messi,5,4,2023,NA
Ichiro Otsuka,Lionel Messi,5,4,2023,NA
Miodrag Radulovic,Lionel Messi,5,4,2023,NA
Lee David Bowyer,Lionel Messi,5,4,2023,NA
Hoalid Regragui,Erling Haaland,5,4,2023,NA
Francisco Queriol Conde Junior,Kylian Mbappé,5,4,2023,NA
Michael Feichtenbeiner,Erling Haaland,5,4,2023,NA
Collin Benjamin,Kevin De Bruyne,5,4,2023,NA
Vincenzo Alberto Annese,Erling Haaland,5,4,2023,NA
Ronald Koeman,Erling Haaland,5,4,2023,NA
Johan Sidaner,Lionel Messi,5,4,2023,NA
Darren Bazeley,Erling Haaland,5,4,2023,NA
Marco Antonio Figueroa Montero,Erling Haaland,5,4,2023,NA
Zakariaou Ibrahim,Lionel Messi,5,4,2023,NA
Jose Vitor Dos Santos Peseiro,Victor Osimhen,5,1,2023,NA
Blagoja Milevski,Erling Haaland,5,4,2023,NA
Michael Oneill,Lionel Messi,5,4,2023,NA
Ståle Solbakken,Erling Haaland,5,1,2023,NA
Branko Ivankovic,Erling Haaland,5,4,2023,NA
Stephen Constantine,Kevin De Bruyne,5,4,2023,NA
Makram Daboub,Erling Haaland,5,4,2023,NA
Thomas Christiansen,Lionel Messi,5,4,2023,NA
Harrison Kamake,Kevin De Bruyne,5,4,2023,NA
Daniel Garnero,Lionel Messi,5,4,2023,NA
Juan Reynoso Guzman,Erling Haaland,5,4,2023,NA
Michael Weiss,Lionel Messi,5,4,2023,NA
Michał Probierz,Kevin De Bruyne,5,4,2023,NA
Roberto Martinez,Marcelo Brozović,5,4,2023,NA
Charlie Trout,Rodri,5,4,2023,NA
Carlos Queiroz,Erling Haaland,5,4,2023,NA
Stephen Kenny,Erling Haaland,5,4,2023,NA
Edward Marius Iordanescu,Erling Haaland,5,4,2023,NA
Valeri Karpin,Lionel Messi,5,4,2023,NA
Gerard Marcel Alain Buscher,Kylian Mbappé,5,4,2023,NA
Ryan Stewart,Erling Haaland,5,4,2023,NA
Fabrizio Costantini,İlkay Gündoğan,5,4,2023,NA
Adriano Eusébio,Erling Haaland,5,4,2023,NA
Roberto Mancini,Kylian Mbappé,5,4,2023,NA
Steve Clarke,Lionel Messi,5,4,2023,NA
Aliou Cissé,Erling Haaland,5,4,2023,NA
Dragan Stojkovic,Erling Haaland,5,4,2023,NA
Ralph Jean-Louis,Lionel Messi,5,4,2023,NA
Amidu Karim,Kevin De Bruyne,5,4,2023,NA
Takayuki Nishigaya,Lionel Messi,5,4,2023,NA
Francesco Calzona,Erling Haaland,5,4,2023,NA
Matjaž Kek,Rodri,5,4,2023,NA
Felipe Vega Arango,Lionel Messi,5,4,2023,NA
Rachid Lousteque,Kevin De Bruyne,5,4,2023,NA
Hugo Broos,Kylian Mbappé,5,4,2023,NA
Stefano Cusin,Lionel Messi,5,4,2023,NA
Luis De La Fuente Castillo,Rodri,5,1,2023,NA
Andrew Morrison,Erling Haaland,5,4,2023,NA
Austin Huggins,Kevin De Bruyne,5,4,2023,NA
Stern John,Erling Haaland,5,4,2023,NA
Theon Gordon,Lionel Messi,5,4,2023,NA
Aron Winter,Lionel Messi,5,4,2023,NA
Jan Andersson,Rodri,5,4,2023,NA
Murat Yakin,Lionel Messi,5,4,2023,NA
Hector Raul Cuper,Lionel Messi,5,4,2023,NA
Samuel Garcia,Erling Haaland,5,4,2023,NA
Petar Šegrt,Lionel Messi,5,4,2023,NA
Adel Amrouche,Kevin De Bruyne,5,4,2023,NA
Mano Polking,Lionel Messi,5,4,2023,NA
Tom Saintfiet,Victor Osimhen,5,4,2023,NA
Suntae Park,Lionel Messi,5,4,2023,NA
Paulo Duarte,Bernardo Silva,5,4,2023,NA
Timote Moleni,Lionel Messi,5,4,2023,NA
Angus Eve,Erling Haaland,5,4,2023,NA
Jalel Kadri,Kevin De Bruyne,5,4,2023,NA
Vincenzo Montella,Lionel Messi,5,4,2023,NA
Mergen Orazov,Erling Haaland,5,4,2023,NA
Ricky Hill,Lionel Messi,5,4,2023,NA
Morley Byekwaso,Erling Haaland,5,4,2023,NA
Serhii Rebrov,Kylian Mbappé,5,4,2023,NA
Paulo Jorge Gomes Bento,Bernardo Silva,5,4,2023,NA
Marcelo Bielsa,Lionel Messi,5,4,2023,NA
Gilberto Junior Damiano Maciel,Erling Haaland,5,4,2023,NA
Gregg Berhalter,Rodri,5,4,2023,NA
Srecko Katanec,Lionel Messi,5,4,2023,NA
Etienne Mermer,Lionel Messi,5,4,2023,NA
Fernando Batista,Lionel Messi,5,4,2023,NA
Philippe Bernard Victor Troussier,Erling Haaland,5,4,2023,NA
Robert Page,Lionel Messi,5,4,2023,NA
Miroslav Soukup,Kylian Mbappé,5,4,2023,NA
Abraham Grant,Lionel Messi,5,4,2023,NA
Baltemar Brito,Lionel Messi,5,4,2023,NA
Sayer Zaland,Lionel Messi,5,4,2023,NA
Endi Tufa,Lionel Messi,5,4,2023,NA
Mohammed Rachid Belarbi,Kevin De Bruyne,5,4,2023,NA
Victor Duaso Saludas,Erling Haaland,5,4,2023,NA
Geraldo Quiala,Lionel Messi,5,4,2023,NA
Claudio Mauri,İlkay Gündoğan,5,4,2023,NA
Robert Gasparyan,Erling Haaland,5,4,2023,NA
Seever Krozendijk,Lionel Messi,5,4,2023,NA
Simon Hill,Julián Álvarez,5,4,2023,NA
Lackner Gerhard,Lionel Messi,5,4,2023,NA
Rasim Mövsümov,Lionel Messi,5,4,2023,NA
Simba French,Erling Haaland,5,4,2023,NA
Abdulla Ashoor,Erling Haaland,5,4,2023,NA
Raihan Mahmood,Erling Haaland,5,4,2023,NA
Siarhei Nikalayeu,Erling Haaland,5,4,2023,NA
Kristof Terreur,Erling Haaland,5,4,2023,NA
Senankpon Perez Lekotan,Erling Haaland,5,4,2023,NA
Earl Basden,Erling Haaland,5,4,2023,NA
Namgay Zam,Erling Haaland,5,4,2023,NA
Emir Delić,Erling Haaland,5,4,2023,NA
Duncan Kgangkenna,Julián Álvarez,5,4,2023,NA
Martín Fernandez,Erling Haaland,5,4,2023,NA
Charlie Jackson,İlkay Gündoğan,5,4,2023,NA
Boyan Boychev,Erling Haaland,5,4,2023,NA
Siriki Dramé,Erling Haaland,5,4,2023,NA
Liliane Nshimirimana,Lionel Messi,5,4,2023,NA
Simao Rodrigues,Erling Haaland,5,4,2023,NA
Chamroeun Ung,Erling Haaland,5,4,2023,NA
Neil Davidson,Erling Haaland,5,4,2023,NA
Raymon Singh,Lionel Messi,5,4,2023,NA
Bienvenu Elie Gbelo,Erling Haaland,5,4,2023,NA
Salahadine Mahamat Sabour,Erling Haaland,5,4,2023,NA
Danilo Díaz,Lionel Messi,5,4,2023,NA
Dexing Ma,Erling Haaland,5,4,2023,NA
Chihwei Hung,Lionel Messi,5,4,2023,NA
Diego Rueda,Erling Haaland,5,4,2023,NA
Djouma Elie-Dine,Erling Haaland,5,4,2023,NA
Emmanuel Kaba,Lionel Messi,5,4,2023,NA
Michel Tobo,Lionel Messi,5,4,2023,NA
Rashneel Kumar Madhur,Lionel Messi,5,4,2023,NA
David Goldberg,Erling Haaland,5,4,2023,NA
Magloire Gnae Oulidehi,Kevin De Bruyne,5,4,2023,NA
Robert Matteoni,Rodri,5,4,2023,NA
Yasiel Cancio,Erling Haaland,5,4,2023,NA
Carl Ruiter,Erling Haaland,5,4,2023,NA
Andreas Violaris,Lionel Messi,5,4,2023,NA
Jan Palička,Erling Haaland,5,4,2023,NA
Klaus Egelund,Erling Haaland,5,4,2023,NA
Yacin Ahmed Moussa,Erling Haaland,5,4,2023,NA
Garvin Richards,Erling Haaland,5,4,2023,NA
Jorge Bauger,Lionel Messi,5,4,2023,NA
Tito Rosales Cox,Erling Haaland,5,4,2023,NA
Hady Elmadany,Erling Haaland,5,4,2023,NA
Gabriel Campos,Erling Haaland,5,4,2023,NA
John Cross,Erling Haaland,5,4,2023,NA
Fabien Essiane,Kylian Mbappé,5,4,2023,NA
Michael Seium,Erling Haaland,5,4,2023,NA
Aet Suvari,Erling Haaland,5,4,2023,NA
Chris Dlamini,Erling Haaland,5,4,2023,NA
Hussen Abdulkeni,Lionel Messi,5,4,2023,NA
Símun Christian Olsen,Kevin De Bruyne,5,4,2023,NA
Indra Singh,Erling Haaland,5,4,2023,NA
Ari Virtanen,Erling Haaland,5,4,2023,NA
Cyrille De La Morinerie,Erling Haaland,5,4,2023,NA
Zurab Potskhveria,Khvicha Kvaratskhelia,5,1,2023,NA
Georg Holzner,Erling Haaland,5,4,2023,NA
Gary Al Smith,Erling Haaland,5,4,2023,NA
Stephen Ignacio,Lionel Messi,5,4,2023,NA
Nikolaos Kotsis,Lionel Messi,5,4,2023,NA
Michael Bascombe,Erling Haaland,5,4,2023,NA
Carlos Marín Noriega,Erling Haaland,5,4,2023,NA
Alpha Mady Touré,Victor Osimhen,5,4,2023,NA
Sene Camara,Erling Haaland,5,4,2023,NA
Rawle Toney,Erling Haaland,5,4,2023,NA
Lutherson Leon,Erling Haaland,5,4,2023,NA
Gonzalo Carias,Lionel Messi,5,4,2023,NA
Ho Yin Kwok,Lionel Messi,5,4,2023,NA
György Szöllösi,Erling Haaland,5,4,2023,NA
Vidir Sigurdsson,Erling Haaland,5,4,2023,NA
Dhiman Sarkar,Erling Haaland,5,4,2023,NA
Triono Subagyo,Erling Haaland,5,4,2023,NA
Masoud Hossein,Kevin De Bruyne,5,4,2023,NA
Arshed Alsaedi,Erling Haaland,5,4,2023,NA
Uri Dagon,Erling Haaland,5,4,2023,NA
Pierluigi Pardo,Erling Haaland,5,4,2023,NA
Brian Lewis,Lionel Messi,5,4,2023,NA
Hideo Tamaru,Erling Haaland,5,4,2023,NA
Taiser Alomiri,Erling Haaland,5,4,2023,NA
Geniy Tulegenov,Bernardo Silva,5,4,2023,NA
Eric Njiru,Erling Haaland,5,4,2023,NA
Gun Lee,Kevin De Bruyne,5,4,2023,NA
Valon Konushevci,Erling Haaland,5,4,2023,NA
Bakyt Shukuraliev,Erling Haaland,5,4,2023,NA
Ekasanh Thipphachack,Erling Haaland,5,4,2023,NA
Ilvars Koscinkevics,Erling Haaland,5,4,2023,NA
Mike Chalhoub,Lionel Messi,5,4,2023,NA
Moorosi Simon Tsiane,Lionel Messi,5,4,2023,NA
Anthony Kokoi,Erling Haaland,5,4,2023,NA
Haithem Elamari,Lionel Messi,5,4,2023,NA
Jan Stärker,İlkay Gündoğan,5,4,2023,NA
Mindaugas Augustis,Erling Haaland,5,4,2023,NA
Petz Lahure,Erling Haaland,5,4,2023,NA
Pedro Maia,Rodri,5,4,2023,NA
Michel Ramboa,Julián Álvarez,5,4,2023,NA
Peter Kanjere,Lionel Messi,5,4,2023,NA
Ajitpal Singh Dhaliwal,Erling Haaland,5,4,2023,NA
Shimaaz Ali,Lionel Messi,5,4,2023,NA
Bakary Diakite,Lionel Messi,5,4,2023,NA
Sandro Micallef,Khvicha Kvaratskhelia,5,4,2023,NA
Brahim Sow Deïna,Erling Haaland,5,4,2023,NA
Azmaal Hydoo,Erling Haaland,5,4,2023,NA
Francisco Javier González,Erling Haaland,5,4,2023,NA
Miron Goihman,Lionel Messi,5,4,2023,NA
Enkhtuvshin Tserensodnom,Erling Haaland,5,4,2023,NA
Danilo Mitrovic,Erling Haaland,5,4,2023,NA
Basil Chambers,Lionel Messi,5,4,2023,NA
Jalal Bouzrara,Erling Haaland,5,4,2023,NA
João Arnaldo Carlija Chivale,Victor Osimhen,5,4,2023,NA
Lin Maw,Erling Haaland,5,4,2023,NA
Jesse Jackson Kauraisa,Kylian Mbappé,5,4,2023,NA
Bikram Thapa,Erling Haaland,5,4,2023,NA
Jaap De Groot,Erling Haaland,5,4,2023,NA
Martin Charmasson,Erling Haaland,5,4,2023,NA
Michael Burgess,Erling Haaland,5,4,2023,NA
Abdel Malik Koudizé,Kevin De Bruyne,5,4,2023,NA
Oluwashina Okeleji,Erling Haaland,5,4,2023,NA
Mijalche Durgutov,Erling Haaland,5,4,2023,NA
Mark Mcintosh,Erling Haaland,5,4,2023,NA
Morten Pedersen,Erling Haaland,5,1,2023,NA
Ashok Purohit,Kylian Mbappé,5,4,2023,NA
Alam Zeb Safi,Erling Haaland,5,4,2023,NA
Majdi Qasem,Rodri,5,4,2023,NA
David Samudio Garay,Erling Haaland,5,4,2023,NA
Edgar Cantero,Bernardo Silva,5,4,2023,NA
Pedro Eduardo Canelo Quispe,Erling Haaland,5,4,2023,NA
Ryan Fenix,Erling Haaland,5,4,2023,NA
Michal Pol,Erling Haaland,5,4,2023,NA
Vítor Serpa,Erling Haaland,5,4,2023,NA
Esteban Pagán Rivera,Erling Haaland,5,4,2023,NA
Ali Almslmani,Erling Haaland,5,4,2023,NA
Philip Quinn,Erling Haaland,5,4,2023,NA
Theodor Jumatate,Erling Haaland,5,4,2023,NA
Oleg Koshelev,Kevin De Bruyne,5,4,2023,NA
Eddie Nsabimana,Erling Haaland,5,4,2023,NA
Elia Gorini,Erling Haaland,5,4,2023,NA
Sultan Almohawes,Erling Haaland,5,4,2023,NA
Scott Mcdermott,Rodri,5,4,2023,NA
Thierno Souleymane Diallo,Kylian Mbappé,5,4,2023,NA
Milan Rasevic,Erling Haaland,5,4,2023,NA
Gerard Leonard Govinden,Lionel Messi,5,4,2023,NA
Sahr Morris Jr,Erling Haaland,5,4,2023,NA
David Lee,Lionel Messi,5,4,2023,NA
Michal Zeman,Kylian Mbappé,5,4,2023,NA
Anze Baselj,Lionel Messi,5,4,2023,NA
Crofton Utukana,Lionel Messi,5,4,2023,NA
Gamadiid Guurre,Julián Álvarez,5,4,2023,NA
Robert Marawa,Erling Haaland,5,4,2023,NA
Juan Ignacio Gallardo,Rodri,5,1,2023,NA
Neville Victor Anthony,Kylian Mbappé,5,4,2023,NA
Terry Finisterre,Erling Haaland,5,4,2023,NA
Mohamed Elkhatim,Lionel Messi,5,4,2023,NA
Desney Romeo,Rodri,5,4,2023,NA
Simon Bank,Lionel Messi,5,4,2023,NA
Tobias Wedermann,Erling Haaland,5,4,2023,NA
Olivier Huc,Erling Haaland,5,4,2023,NA
Faridun Saliev,Erling Haaland,5,4,2023,NA
Saleh Ally Saleh,Kylian Mbappé,5,4,2023,NA
Baboucarr Camara,Erling Haaland,5,4,2023,NA
Guedes Jose,Erling Haaland,5,4,2023,NA
Kodjo Sedem Gounoubou,Erling Haaland,5,4,2023,NA
Ian Prescott,Erling Haaland,5,4,2023,NA
Tarek Ghdiri,Erling Haaland,5,4,2023,NA
Mehmet Arslan,Lionel Messi,5,4,2023,NA
Alexander Vershinin,Kevin De Bruyne,5,4,2023,NA
Faizool Deo,Erling Haaland,5,4,2023,NA
Mayamba Stephen,Erling Haaland,5,4,2023,NA
Valerii Novobranets,Erling Haaland,5,4,2023,NA
Omran Mohamed,Erling Haaland,5,4,2023,NA
Rómulo Martínez Chenlo,Lionel Messi,5,4,2023,NA
Bill Kiser,Erling Haaland,5,4,2023,NA
Douglas Mcintyre,Erling Haaland,5,4,2023,NA
Davron Fayziev,Erling Haaland,5,4,2023,NA
Harry Atisson,Lionel Messi,5,4,2023,NA
Humberto Perozo Suárez,Erling Haaland,5,4,2023,NA
Minh Viet Nguyen,Rodri,5,4,2023,NA
Paul Abbandonato,Erling Haaland,5,4,2023,NA
Basheer Senan,Erling Haaland,5,4,2023,NA
Elias Chipepo,Erling Haaland,5,4,2023,NA
Sikhumbuzo Moyo,Erling Haaland,5,4,2023,NA
Farshad Noor,Kylian Mbappé,3,4,2023,NA
Berat Djimsiti,Erling Haaland,3,4,2023,NA
Riyad Mahrez,Erling Haaland,3,4,2023,NA
Nicky Salapu,Julián Álvarez,3,4,2023,NA
Marc Pujol Pons,Bernardo Silva,3,4,2023,NA
Fredy Ribeiro,Erling Haaland,3,4,2023,NA
Germain Hughes,Erling Haaland,3,4,2023,NA
Quinton Griffith,Erling Haaland,3,4,2023,NA
Lionel Messi,Kylian Mbappé,3,2,2023,NA
Varazdat Haroyan,Kevin De Bruyne,3,4,2023,NA
Fernando Lewis,Kevin De Bruyne,3,4,2023,NA
Mathew Ryan,Erling Haaland,3,4,2023,NA
David Alaba,Rodri,3,4,2023,NA
Emin Makhmudov,Lionel Messi,3,4,2023,NA
Leslie St. Fleur,Julián Álvarez,3,4,2023,NA
Sayed Mohamed Abbas,Erling Haaland,3,4,2023,NA
Jamal Bhuyan,Erling Haaland,3,4,2023,NA
Jomo Harris,Kylian Mbappé,3,4,2023,NA
Siarhei Palitsevich,Lionel Messi,3,4,2023,NA
Romelu Lukaku Bolingoli,Kylian Mbappé,3,4,2023,NA
Evral Trapp,Rodri,3,4,2023,NA
Steve Mounie,Kylian Mbappé,3,4,2023,NA
Dale Eve,Julián Álvarez,3,4,2023,NA
Chencho Gyeltshen,Kylian Mbappé,3,4,2023,NA
Marcelo Martins Moreno,Julián Álvarez,3,4,2023,NA
Edin Dzeko,Erling Haaland,3,4,2023,NA
Thatayaone Ditlhokwe,Kylian Mbappé,3,4,2023,NA
Carlos Casemiro,Lionel Messi,3,4,2023,NA
Mohd Hendra Azam Mohd Idris,Erling Haaland,3,4,2023,NA
Kiril Despodov,Kylian Mbappé,3,4,2023,NA
Bertrand Traoré,Lionel Messi,3,4,2023,NA
Frederic Nsabiyumva,Victor Osimhen,3,4,2023,NA
"Ryan Mendes
",Erling Haaland,3,4,2023,NA
Kouch Sokumpheak,Erling Haaland,3,4,2023,NA
Vincent Aboubakar,Kylian Mbappé,3,4,2023,NA
Milan Borjan,Erling Haaland,3,4,2023,NA
Dandre Rowe,Lionel Messi,3,4,2023,NA
Saint-Cyr Ngam-Ngam,Kylian Mbappé,3,4,2023,NA
Ahmat Abdraman,Kylian Mbappé,3,4,2023,NA
Gary Medel Soto,Kevin De Bruyne,3,4,2023,NA
Xi Wu,Kylian Mbappé,3,4,2023,NA
Chun-Ching Wu,Kevin De Bruyne,3,4,2023,NA
Radamel Falcao Garcia Zarate,Kylian Mbappé,3,4,2023,NA
Elfardou Ben Mohamed,Erling Haaland,3,4,2023,NA
Silvere Ganvoula Mboussy,Erling Haaland,3,4,2023,NA
Chancel Mbemba,Kylian Mbappé,3,4,2023,NA
Tahiri Elikana,Erling Haaland,3,4,2023,NA
Keilor Navas Gamboa,Lionel Messi,3,4,2023,NA
Max Alain Gradel,Lionel Messi,3,4,2023,NA
Luka Modric,Rodri,3,4,2023,NA
Luis Javier Paradela Diaz,Kylian Mbappé,3,4,2023,NA
Leandro Bacuna,Kylian Mbappé,3,4,2023,NA
Kostakis Artymatas,Erling Haaland,3,4,2023,NA
Tomas Soucek,Lionel Messi,3,4,2023,NA
Simon Kjär,Erling Haaland,3,4,2023,NA
Hamze Abdi Idleh,Erling Haaland,3,4,2023,NA
Glenson Prince,Rodri,3,4,2023,NA
Jean Carlos López Moscoso,Erling Haaland,3,4,2023,NA
Enner Valencia,Kylian Mbappé,3,4,2023,NA
Mohamed Salah,Kevin De Bruyne,3,4,2023,NA
Mario Gonzalez,Erling Haaland,3,4,2023,NA
Harry Kane,Erling Haaland,3,4,2023,NA
Emilio Nsue Lopez,Kylian Mbappé,3,4,2023,NA
Ablelom Teklezghi Gebreyowhnnes,Lionel Messi,3,4,2023,NA
Konstantin Vassiljev,Rodri,3,4,2023,NA
Sifiso Matse,Kevin De Bruyne,3,4,2023,NA
Bekele Shemeles,Lionel Messi,3,4,2023,NA
Viljormur Davidsen,Kylian Mbappé,3,4,2023,NA
Roy Krishna,Erling Haaland,3,4,2023,NA
Lukas Hradecky,Erling Haaland,3,4,2023,NA
Kylian Mbappé,Erling Haaland,3,4,2023,NA
Bruno Ecuele Manga,Victor Osimhen,3,4,2023,NA
Guram Kashia,Kylian Mbappé,3,4,2023,NA
İlkay Gündoğan,Lionel Messi,3,4,2023,NA
André Ayew,Victor Osimhen,3,4,2023,NA
Roy Chipolina,Rodri,3,4,2023,NA
Anastasios Bakasetas,Erling Haaland,3,4,2023,NA
Jacob Kwame Berkeley Agyepong,Kylian Mbappé,3,4,2023,NA
Jason Ryan Quitugua Cunliffe,Rodri,3,4,2023,NA
José Carlos Pinto Samayoa,Kylian Mbappé,3,4,2023,NA
Naby Keita,İlkay Gündoğan,3,4,2023,NA
Jonas Asvedo Mendes,Kevin De Bruyne,3,4,2023,NA
Daniel Wilson,Bernardo Silva,3,4,2023,NA
Johny Placide,Erling Haaland,3,4,2023,NA
Antony Lozano,Kylian Mbappé,3,4,2023,NA
Hung Fai Yapp,Erling Haaland,3,4,2023,NA
Dominik Szoboszlai,Lionel Messi,3,4,2023,NA
Aron Gunnarsson,Lionel Messi,3,4,2023,NA
Sunil Chhetri,Rodri,3,4,2023,NA
Asnawi Mangkualam Bahar,Erling Haaland,3,4,2023,NA
Ehsan Hajisafi,Lionel Messi,3,4,2023,NA
Jalal Hassan,Kylian Mbappé,3,4,2023,NA
Eliezer Dasa,Erling Haaland,3,4,2023,NA
Gianluigi Donnarumma,Kylian Mbappé,3,2,2023,NA
Andre Blake,Kylian Mbappé,3,4,2023,NA
Wataru Endo,Erling Haaland,3,4,2023,NA
Ehsan Haddad,Erling Haaland,3,4,2023,NA
Ashkat Tagybergen,Lionel Messi,3,4,2023,NA
Michael Olunga Ogada,Kylian Mbappé,3,4,2023,NA
Heung Min Son,Erling Haaland,3,4,2023,NA
Amir Rrahmani,Khvicha Kvaratskhelia,3,4,2023,NA
Khaled Ibrahim,Lionel Messi,3,4,2023,NA
Kichin Valerii,Lionel Messi,3,4,2023,NA
Phoutdavy Phommasane,Erling Haaland,3,4,2023,NA
Kristers Tobers,Kylian Mbappé,3,4,2023,NA
Hassan Maatouk,Kevin De Bruyne,3,4,2023,NA
Sekhoane Benedict Moerane,Kylian Mbappé,3,4,2023,NA
William Jebor,Kylian Mbappé,3,4,2023,NA
Taher Binamer,Lionel Messi,3,4,2023,NA
Nicolas Hasler,Erling Haaland,3,4,2023,NA
Fedor Cernych,Lionel Messi,3,4,2023,NA
Laurent Jans,Kevin De Bruyne,3,4,2023,NA
Nicholas Mario De Almeida Torrao,Bernardo Silva,3,4,2023,NA
Rayan Raveloson,Kylian Mbappé,3,4,2023,NA
John Banda,Kylian Mbappé,3,4,2023,NA
Matthew Davies,Lionel Messi,3,4,2023,NA
Ali Samooh,Lionel Messi,3,4,2023,NA
Hamari Traore,Erling Haaland,3,4,2023,NA
Steve Borg,Erling Haaland,3,4,2023,NA
Yaly Mohamed Dellah,Erling Haaland,3,4,2023,NA
Emmanuel Vincent Jean,Erling Haaland,3,4,2023,NA
Guillermo Ochoa,Kylian Mbappé,3,4,2023,NA
Rata Vadim,Lionel Messi,3,4,2023,NA
Tsendayush Khurelbaatar,Erling Haaland,3,4,2023,NA
Stevan Jovetic,Marcelo Brozović,3,4,2023,NA
Lyle Taylor,Lionel Messi,3,4,2023,NA
Romain Ghanem Saiss,Kylian Mbappé,3,4,2023,NA
Elias Pelembe,Kylian Mbappé,3,4,2023,NA
Lwin Maung Maung,Lionel Messi,3,4,2023,NA
Ananias Gebhardt,Lionel Messi,3,4,2023,NA
Kiran Limbu Chemjong,Kylian Mbappé,3,4,2023,NA
Virgil Van Dijk,Erling Haaland,3,4,2023,NA
Morgan Mathelon,Kylian Mbappé,3,4,2023,NA
Chris Wood,Lionel Messi,3,4,2023,NA
Juan Barrera,Julián Álvarez,3,4,2023,NA
Youssouf Oumarou,Kylian Mbappé,3,4,2023,NA
Ahmed Musa,Lionel Messi,3,4,2023,NA
Enis Bardhi,Kylian Mbappé,3,4,2023,NA
Jonathan Evans,Kylian Mbappé,3,4,2023,NA
Martin Odegaard,Lionel Messi,3,4,2023,NA
Harib Al-Saadi,Kylian Mbappé,3,4,2023,NA
Easah Suliman,Julián Álvarez,3,4,2023,NA
Musab Battat,Kevin De Bruyne,3,4,2023,NA
Anibal Godoy,Kylian Mbappé,3,4,2023,NA
Raymond Gunemba,Erling Haaland,3,4,2023,NA
Gustavo Gomez,Erling Haaland,3,4,2023,NA
Paolo Guerrero,Kevin De Bruyne,3,4,2023,NA
Neil Etheridge,Erling Haaland,3,4,2023,NA
Robert Lewandowski,İlkay Gündoğan,3,2,2023,NA
Kepler Ferreira,Erling Haaland,3,4,2023,NA
Nicolas Cardona,Erling Haaland,3,4,2023,NA
Hassan Al-Haydos,Erling Haaland,3,4,2023,NA
Seamus Coleman,Erling Haaland,3,4,2023,NA
Nicolae Stanciu,Kylian Mbappé,3,4,2023,NA
Georgi Dzhikiya,Lionel Messi,3,4,2023,NA
Djihad Bizimana,Rodri,3,4,2023,NA
Kyah Cahill,Lionel Messi,3,4,2023,NA
Alessandro Golinucci,Lionel Messi,3,4,2023,NA
Luis Anjos,Erling Haaland,3,4,2023,NA
Salman Alfaraj,Kylian Mbappé,3,4,2023,NA
Andrew Robertson,Erling Haaland,3,4,2023,NA
Kalidou Koulibaly,Erling Haaland,3,4,2023,NA
Dusan Tadic,Lionel Messi,3,4,2023,NA
Benoit Marie,Lionel Messi,3,4,2023,NA
Osman Kakay,Erling Haaland,3,4,2023,NA
Hariss Harun,Lionel Messi,3,4,2023,NA
Milan Škriniar,Kylian Mbappé,3,4,2023,NA
Jan Oblak,Rodri,3,4,2023,NA
Joses Nawo,Kylian Mbappé,3,4,2023,NA
Ahmed Abdullahi Abdi Baanuu,Victor Osimhen,3,4,2023,NA
Ronwen Williams,Lionel Messi,3,4,2023,NA
Peter Mabok,Victor Osimhen,3,4,2023,NA
Alvaro Morata Martin,Lionel Messi,3,4,2023,NA
Sujan Perera,Lionel Messi,3,4,2023,NA
Julani Archibald,Erling Haaland,3,4,2023,NA
Terell Thomas,Kevin De Bruyne,3,4,2023,NA
Cornelius Stewart,Victor Osimhen,3,4,2023,NA
Shaquille Pinas,Kylian Mbappé,3,4,2023,NA
Victor Lindelof,Lionel Messi,3,4,2023,NA
Granit Xhaka,Erling Haaland,3,4,2023,NA
Omar Alsoma,Erling Haaland,3,4,2023,NA
Teaonui Tehau,Kylian Mbappé,3,4,2023,NA
Parviz Umarbaev,Bernardo Silva,3,4,2023,NA
Mbwana Ally Samatta,Lionel Messi,3,4,2023,NA
Theerathon Bunmathan,Erling Haaland,3,4,2023,NA
Omar Colley,Kylian Mbappé,3,4,2023,NA
Filomeno Junior Da Costa,Lionel Messi,3,4,2023,NA
Dakonam Ortega Djene,Victor Osimhen,3,4,2023,NA
Hemaloto Polovili,Kevin De Bruyne,3,4,2023,NA
Aubrey David,Lionel Messi,3,4,2023,NA
Youssef Msakni,Kylian Mbappé,3,4,2023,NA
Hakan Calhanoglu,Erling Haaland,3,4,2023,NA
Arslanmyrat Amanov,Erling Haaland,3,4,2023,NA
Billy Forbes,Kylian Mbappé,3,4,2023,NA
Emmanuel Arnold Okwi,Erling Haaland,3,4,2023,NA
Andriy Yarmolenko,Kylian Mbappé,3,4,2023,NA
Ali Khaseif,Marcelo Brozović,3,4,2023,NA
Federico Valverde,Kylian Mbappé,3,4,2023,NA
James Mack,Lionel Messi,3,4,2023,NA
Christian Mate Pulisic,Kylian Mbappé,3,4,2023,NA
Eldor Shomurodov,Kylian Mbappé,3,4,2023,NA
Brian Kaltak,Erling Haaland,3,4,2023,NA
Tomas Rincon,Kylian Mbappé,3,4,2023,NA
Ngoc Hai Que,Rodri,3,4,2023,NA
Aaron Ramsey,Erling Haaland,3,4,2023,NA
Wahid Alkhyad,Erling Haaland,3,4,2023,NA
Lubambo Musonda,Erling Haaland,3,4,2023,NA
Marvelous Nakamba,Erling Haaland,3,4,2023,NA
Abdullah Almutairi,Kevin De Bruyne,3,4,2023,NA
Sylvio Mendes Campos,Lionel Messi,3,4,2023,NA
Djamel Belmadi,İlkay Gündoğan,3,4,2023,NA
Tunoa Lui,Kylian Mbappé,3,4,2023,NA
Koldo Alvarez De Eulate,Kevin De Bruyne,3,4,2023,NA
Pedro Valdemar Soares Gonçalves,Bernardo Silva,3,4,2023,NA
Nigel Connor,Lionel Messi,3,4,2023,NA
Mikele Leigertwood,Kylian Mbappé,3,4,2023,NA
Lionel Scaloni,Julián Álvarez,3,1,2023,NA
Oleksandr Petrakov,Kevin De Bruyne,3,4,2023,NA
Marvic Bermudez,Kevin De Bruyne,3,4,2023,NA
Graham Arnold,Lionel Messi,3,4,2023,NA
Ralf Rangnick,İlkay Gündoğan,3,4,2023,NA
Giovanni De Biasi,Kylian Mbappé,3,4,2023,NA
Nesly Jean,Erling Haaland,3,4,2023,NA
Juan Antonio Pizzi,Julián Álvarez,3,4,2023,NA
Javier Cabrera,Rodri,3,4,2023,NA
Orlando Costa,Kylian Mbappé,3,4,2023,NA
Carlos Alos Ferrer,Rodri,3,4,2023,NA
Domenico Tedesco,Kylian Mbappé,3,4,2023,NA
David Pérez Asensio,Rodri,3,4,2023,NA
Gernot Rohr,Erling Haaland,3,4,2023,NA
Michael Findlay,Kevin De Bruyne,3,4,2023,NA
Pema Dorji,Erling Haaland,3,4,2023,NA
Gustavo Costas,Erling Haaland,3,4,2023,NA
Meho Kodro,Kevin De Bruyne,3,4,2023,NA
Mogomotsi Mpote,Kevin De Bruyne,3,4,2023,NA
Fernando Diniz,Kevin De Bruyne,3,4,2023,NA
Mario Rivera Campesino,Erling Haaland,3,4,2023,NA
Mladen Krstajić,Kevin De Bruyne,3,4,2023,NA
Hubert Velud,Kylian Mbappé,3,4,2023,NA
Etienne Ndayiragije,Erling Haaland,3,4,2023,NA
Pedro Leitão Brito,Erling Haaland,3,4,2023,NA
Felix Agustin Gonzalez Dalmas,Erling Haaland,3,4,2023,NA
Rigobert Song Bahanag,Kylian Mbappé,3,4,2023,NA
Mauro Biello,Kylian Mbappé,3,4,2023,NA
Claudio Garcia,Rodri,3,4,2023,NA
Raoul Savoy,Khvicha Kvaratskhelia,3,4,2023,NA
Kevin Nicaise,Kylian Mbappé,3,4,2023,NA
Eduardo Berizzo,Julián Álvarez,3,4,2023,NA
Aleksandar Jankovic,Kylian Mbappé,3,4,2023,NA
Gary White,Erling Haaland,3,4,2023,NA
Néstor Lorenzo,Marcelo Brozović,3,4,2023,NA
Stefano Cusin,Kylian Mbappé,3,4,2023,NA
Paul Put,Erling Haaland,3,4,2023,NA
Sébastien Desabre,Kylian Mbappé,3,4,2023,NA
Alan Taylor,Rodri,3,4,2023,NA
Claudio Alejandro Vivas,Kylian Mbappé,3,4,2023,NA
Jean Louis Gasset,Lionel Messi,3,4,2023,NA
Yunielys Castillo Carmenate,Kevin De Bruyne,3,4,2023,NA
Dean Gorre,Kylian Mbappé,3,4,2023,NA
Temur Ketsbaia,Kevin De Bruyne,3,4,2023,NA
Jaroslav Silhavy,Kevin De Bruyne,3,4,2023,NA
Kasper Hjulmand,Lionel Messi,3,4,2023,NA
Abdirahman Okieh Hadi,Kevin De Bruyne,3,4,2023,NA
Ellington Sabin,Kylian Mbappé,3,4,2023,NA
Marcelo Neveleff,Kevin De Bruyne,3,4,2023,NA
Felix Sanchez Bas,Lionel Messi,3,4,2023,NA
Rui Vitoria,Lionel Messi,3,4,2023,NA
Ruben De La Barrera,Erling Haaland,3,4,2023,NA
Gareth Southgate,Rodri,3,4,2023,NA
Juan Micha Obiang Bicogo,Kevin De Bruyne,3,4,2023,NA
Ermais Tewelde Asmorom,Kevin De Bruyne,3,4,2023,NA
Häberli Thomas,İlkay Gündoğan,3,4,2023,NA
Dominic Kuseni Kunene,Rodri,3,4,2023,NA
Daniel Woldde,Erling Haaland,3,4,2023,NA
Hakan Ericson,Kylian Mbappé,3,4,2023,NA
Timo Jankowski,Kylian Mbappé,3,4,2023,NA
Markku Kanerva,Victor Osimhen,3,4,2023,NA
Didier Deschamps,Erling Haaland,3,4,2023,NA
Willy Sagnol,Erling Haaland,3,4,2023,NA
Julian Nagelsmann,İlkay Gündoğan,3,1,2023,NA
Christopher Hughton,Kylian Mbappé,3,4,2023,NA
Julio Ribas,Kylian Mbappé,3,4,2023,NA
Gustavo Poyet,Erling Haaland,3,4,2023,NA
Terry Connor,İlkay Gündoğan,3,4,2023,NA
Ross Awa,Kevin De Bruyne,3,4,2023,NA
Luis Fernando Tena Garduño,Bernardo Silva,3,4,2023,NA
Kaba Diawara,Erling Haaland,3,4,2023,NA
Baciro Candé,Kevin De Bruyne,3,4,2023,NA
Jamaal Shabazz,Kylian Mbappé,3,4,2023,NA
Gabriel Calderon Pellegrino,Lionel Messi,3,4,2023,NA
Reinaldo Rueda Rivera,Julián Álvarez,3,4,2023,NA
Jörn Andersen,İlkay Gündoğan,3,4,2023,NA
Marco Rossi,Lionel Messi,3,4,2023,NA
Joey Gudjonsson,Erling Haaland,3,4,2023,NA
Igor Stimac,Julián Álvarez,3,4,2023,NA
Taeyong Shin,Kevin De Bruyne,3,4,2023,NA
Ardeshir Ghalehnoy,Kevin De Bruyne,3,4,2023,NA
Jesus Casas,Erling Haaland,3,4,2023,NA
Alon Hazan,Erling Haaland,3,4,2023,NA
Luciano Spalletti,Kylian Mbappé,3,4,2023,NA
John Wall,Lionel Messi,3,4,2023,NA
Hajime Moriyasu,Erling Haaland,3,4,2023,NA
Lhoussaine Ammouta,Lionel Messi,3,4,2023,NA
Magomed Adiev,Kevin De Bruyne,3,4,2023,NA
Engin Firat,İlkay Gündoğan,3,4,2023,NA
Yong Nam Sin,Kylian Mbappé,3,4,2023,NA
Juergen Klinsmann,Victor Osimhen,3,4,2023,NA
Primoz Gliha,Kevin De Bruyne,3,4,2023,NA
Rui Bento,Kylian Mbappé,3,4,2023,NA
Stefan Tarkovic,Erling Haaland,3,4,2023,NA
Kanlaya Sysomvang,Erling Haaland,3,4,2023,NA
Dainis Kazakevics,Lionel Messi,3,4,2023,NA
Aleksandar Ilic,Kylian Mbappé,3,4,2023,NA
Leslie Makhetha Notsi,Kylian Mbappé,3,4,2023,NA
Ansumana Keita,Victor Osimhen,3,4,2023,NA
Salem El Jelali,Kylian Mbappé,3,4,2023,NA
Konrad Fünfstück,Erling Haaland,3,4,2023,NA
Edgaras Jankauskas,Erling Haaland,3,4,2023,NA
Luc Holtz,Erling Haaland,3,4,2023,NA
Lazaro Fonseca Da Costa Oliveira,Erling Haaland,3,4,2023,NA
Romuald Felix Rakotondrabe,Kylian Mbappé,3,4,2023,NA
Patrick Mabedi,Erling Haaland,3,4,2023,NA
Kim Pan Gon,Kylian Mbappé,3,4,2023,NA
Ali Suzain,Kylian Mbappé,3,4,2023,NA
Eric Sekou Chelle,Lionel Messi,3,4,2023,NA
Michele Marcolini,Lionel Messi,3,4,2023,NA
Amir Abdou,Kylian Mbappé,3,4,2023,NA
Etienne Olivier Fidy Rasoanaivo,Kevin De Bruyne,3,4,2023,NA
Jaime Arturo Lozano Espin,Julián Álvarez,3,4,2023,NA
Serghei Clescenco,Kylian Mbappé,3,4,2023,NA
Ichiro Otsuka,Erling Haaland,3,4,2023,NA
Miodrag Radulovic,Erling Haaland,3,4,2023,NA
Lee David Bowyer,Erling Haaland,3,4,2023,NA
Hoalid Regragui,Lionel Messi,3,4,2023,NA
Francisco Queriol Conde Junior,Lionel Messi,3,4,2023,NA
Michael Feichtenbeiner,Lionel Messi,3,4,2023,NA
Collin Benjamin,Erling Haaland,3,4,2023,NA
Vincenzo Alberto Annese,Khvicha Kvaratskhelia,3,4,2023,NA
Ronald Koeman,Kylian Mbappé,3,4,2023,NA
Johan Sidaner,İlkay Gündoğan,3,4,2023,NA
Darren Bazeley,Rodri,3,4,2023,NA
Marco Antonio Figueroa Montero,Rodri,3,4,2023,NA
Zakariaou Ibrahim,İlkay Gündoğan,3,4,2023,NA
Jose Vitor Dos Santos Peseiro,Bernardo Silva,3,4,2023,NA
Blagoja Milevski,Julián Álvarez,3,4,2023,NA
Michael Oneill,Erling Haaland,3,4,2023,NA
Ståle Solbakken,Kevin De Bruyne,3,4,2023,NA
Branko Ivankovic,Marcelo Brozović,3,4,2023,NA
Stephen Constantine,Erling Haaland,3,4,2023,NA
Makram Daboub,Victor Osimhen,3,4,2023,NA
Thomas Christiansen,Erling Haaland,3,4,2023,NA
Harrison Kamake,Lionel Messi,3,4,2023,NA
Daniel Garnero,Julián Álvarez,3,4,2023,NA
Juan Reynoso Guzman,Rodri,3,4,2023,NA
Michael Weiss,Kylian Mbappé,3,4,2023,NA
Michał Probierz,Lionel Messi,3,4,2023,NA
Roberto Martinez,Bernardo Silva,3,1,2023,NA
Charlie Trout,Lionel Messi,3,4,2023,NA
Carlos Queiroz,Lionel Messi,3,4,2023,NA
Stephen Kenny,Victor Osimhen,3,4,2023,NA
Edward Marius Iordanescu,Kylian Mbappé,3,4,2023,NA
Valeri Karpin,Erling Haaland,3,4,2023,NA
Gerard Marcel Alain Buscher,Kevin De Bruyne,3,4,2023,NA
Ryan Stewart,Kevin De Bruyne,3,4,2023,NA
Fabrizio Costantini,Kylian Mbappé,3,4,2023,NA
Adriano Eusébio,Kylian Mbappé,3,4,2023,NA
Roberto Mancini,Erling Haaland,3,4,2023,NA
Steve Clarke,Kylian Mbappé,3,4,2023,NA
Aliou Cissé,Kylian Mbappé,3,4,2023,NA
Dragan Stojkovic,Kylian Mbappé,3,4,2023,NA
Ralph Jean-Louis,Kevin De Bruyne,3,4,2023,NA
Amidu Karim,Erling Haaland,3,4,2023,NA
Takayuki Nishigaya,Kevin De Bruyne,3,4,2023,NA
Francesco Calzona,Kevin De Bruyne,3,4,2023,NA
Matjaž Kek,Erling Haaland,3,4,2023,NA
Felipe Vega Arango,Kylian Mbappé,3,4,2023,NA
Rachid Lousteque,Kylian Mbappé,3,4,2023,NA
Hugo Broos,Kevin De Bruyne,3,4,2023,NA
Stefano Cusin,Erling Haaland,3,4,2023,NA
Luis De La Fuente Castillo,Erling Haaland,3,4,2023,NA
Andrew Morrison,Rodri,3,4,2023,NA
Austin Huggins,Erling Haaland,3,4,2023,NA
Stern John,Kevin De Bruyne,3,4,2023,NA
Theon Gordon,Kylian Mbappé,3,4,2023,NA
Aron Winter,Kylian Mbappé,3,4,2023,NA
Jan Andersson,Kylian Mbappé,3,4,2023,NA
Murat Yakin,Julián Álvarez,3,4,2023,NA
Hector Raul Cuper,Kylian Mbappé,3,4,2023,NA
Samuel Garcia,Kylian Mbappé,3,4,2023,NA
Petar Šegrt,Kylian Mbappé,3,4,2023,NA
Adel Amrouche,Lionel Messi,3,4,2023,NA
Mano Polking,Kylian Mbappé,3,4,2023,NA
Tom Saintfiet,Kevin De Bruyne,3,4,2023,NA
Suntae Park,Erling Haaland,3,4,2023,NA
Paulo Duarte,Erling Haaland,3,4,2023,NA
Timote Moleni,Kylian Mbappé,3,4,2023,NA
Angus Eve,Kevin De Bruyne,3,4,2023,NA
Jalel Kadri,Kylian Mbappé,3,4,2023,NA
Vincenzo Montella,Erling Haaland,3,4,2023,NA
Mergen Orazov,Kylian Mbappé,3,4,2023,NA
Ricky Hill,Erling Haaland,3,4,2023,NA
Morley Byekwaso,Kevin De Bruyne,3,4,2023,NA
Serhii Rebrov,Lionel Messi,3,4,2023,NA
Paulo Jorge Gomes Bento,Rodri,3,4,2023,NA
Marcelo Bielsa,Erling Haaland,3,4,2023,NA
Gilberto Junior Damiano Maciel,İlkay Gündoğan,3,4,2023,NA
Gregg Berhalter,Erling Haaland,3,4,2023,NA
Srecko Katanec,Erling Haaland,3,4,2023,NA
Etienne Mermer,Victor Osimhen,3,4,2023,NA
Fernando Batista,Rodri,3,4,2023,NA
Philippe Bernard Victor Troussier,Rodri,3,4,2023,NA
Robert Page,Kylian Mbappé,3,4,2023,NA
Miroslav Soukup,Lionel Messi,3,4,2023,NA
Abraham Grant,Kevin De Bruyne,3,4,2023,NA
Baltemar Brito,Bernardo Silva,3,4,2023,NA
Sayer Zaland,Kylian Mbappé,3,4,2023,NA
Endi Tufa,Erling Haaland,3,4,2023,NA
Mohammed Rachid Belarbi,Rodri,3,4,2023,NA
Victor Duaso Saludas,Rodri,3,4,2023,NA
Geraldo Quiala,Erling Haaland,3,4,2023,NA
Claudio Mauri,Erling Haaland,3,4,2023,NA
Robert Gasparyan,Lionel Messi,3,4,2023,NA
Seever Krozendijk,Erling Haaland,3,4,2023,NA
Simon Hill,Lionel Messi,3,4,2023,NA
Lackner Gerhard,Kylian Mbappé,3,4,2023,NA
Rasim Mövsümov,Erling Haaland,3,4,2023,NA
Simba French,Rodri,3,4,2023,NA
Abdulla Ashoor,Kylian Mbappé,3,4,2023,NA
Raihan Mahmood,Lionel Messi,3,4,2023,NA
Siarhei Nikalayeu,Kylian Mbappé,3,4,2023,NA
Kristof Terreur,Kylian Mbappé,3,4,2023,NA
Senankpon Perez Lekotan,Rodri,3,4,2023,NA
Earl Basden,Lionel Messi,3,4,2023,NA
Namgay Zam,Declan Rice,3,4,2023,NA
Emir Delić,Lionel Messi,3,4,2023,NA
Duncan Kgangkenna,Rodri,3,4,2023,NA
Martín Fernandez,Rodri,3,4,2023,NA
Charlie Jackson,Kylian Mbappé,3,4,2023,NA
Boyan Boychev,Rodri,3,4,2023,NA
Siriki Dramé,Kylian Mbappé,3,4,2023,NA
Liliane Nshimirimana,Erling Haaland,3,4,2023,NA
Simao Rodrigues,Rodri,3,4,2023,NA
Chamroeun Ung,Lionel Messi,3,4,2023,NA
Neil Davidson,Lionel Messi,3,4,2023,NA
Raymon Singh,Erling Haaland,3,4,2023,NA
Bienvenu Elie Gbelo,Kylian Mbappé,3,4,2023,NA
Salahadine Mahamat Sabour,Kevin De Bruyne,3,4,2023,NA
Danilo Díaz,Kylian Mbappé,3,4,2023,NA
Dexing Ma,Lionel Messi,3,4,2023,NA
Chihwei Hung,Kevin De Bruyne,3,4,2023,NA
Diego Rueda,Kevin De Bruyne,3,4,2023,NA
Djouma Elie-Dine,Kevin De Bruyne,3,4,2023,NA
Emmanuel Kaba,Julián Álvarez,3,4,2023,NA
Michel Tobo,Erling Haaland,3,4,2023,NA
Rashneel Kumar Madhur,Erling Haaland,3,4,2023,NA
David Goldberg,Kevin De Bruyne,3,4,2023,NA
Magloire Gnae Oulidehi,Erling Haaland,3,4,2023,NA
Robert Matteoni,Victor Osimhen,3,4,2023,NA
Yasiel Cancio,Rodri,3,4,2023,NA
Carl Ruiter,Rodri,3,4,2023,NA
Andreas Violaris,Erling Haaland,3,4,2023,NA
Jan Palička,Lionel Messi,3,4,2023,NA
Klaus Egelund,Kevin De Bruyne,3,4,2023,NA
Yacin Ahmed Moussa,Kylian Mbappé,3,4,2023,NA
Garvin Richards,Lionel Messi,3,4,2023,NA
Jorge Bauger,Erling Haaland,3,4,2023,NA
Tito Rosales Cox,Marcelo Brozović,3,4,2023,NA
Hady Elmadany,Rodri,3,4,2023,NA
Gabriel Campos,Lionel Messi,3,4,2023,NA
John Cross,Rodri,3,4,2023,NA
Fabien Essiane,Lionel Messi,3,4,2023,NA
Michael Seium,Kylian Mbappé,3,4,2023,NA
Aet Suvari,Kylian Mbappé,3,4,2023,NA
Chris Dlamini,Kevin De Bruyne,3,4,2023,NA
Hussen Abdulkeni,Erling Haaland,3,4,2023,NA
Símun Christian Olsen,Erling Haaland,3,4,2023,NA
Indra Singh,Julián Álvarez,3,4,2023,NA
Ari Virtanen,Kevin De Bruyne,3,4,2023,NA
Cyrille De La Morinerie,Kevin De Bruyne,3,4,2023,NA
Zurab Potskhveria,İlkay Gündoğan,3,4,2023,NA
Georg Holzner,Kevin De Bruyne,3,4,2023,NA
Gary Al Smith,Rodri,3,4,2023,NA
Stephen Ignacio,Erling Haaland,3,4,2023,NA
Nikolaos Kotsis,Erling Haaland,3,4,2023,NA
Michael Bascombe,Lionel Messi,3,4,2023,NA
Carlos Marín Noriega,Kylian Mbappé,3,4,2023,NA
Alpha Mady Touré,Erling Haaland,3,4,2023,NA
Sene Camara,Victor Osimhen,3,4,2023,NA
Rawle Toney,Rodri,3,4,2023,NA
Lutherson Leon,Kevin De Bruyne,3,4,2023,NA
Gonzalo Carias,Erling Haaland,3,4,2023,NA
Ho Yin Kwok,Erling Haaland,3,4,2023,NA
György Szöllösi,Kevin De Bruyne,3,4,2023,NA
Vidir Sigurdsson,Kevin De Bruyne,3,4,2023,NA
Dhiman Sarkar,Kevin De Bruyne,3,4,2023,NA
Triono Subagyo,Julián Álvarez,3,4,2023,NA
Masoud Hossein,Rodri,3,4,2023,NA
Arshed Alsaedi,Lionel Messi,3,4,2023,NA
Uri Dagon,Lionel Messi,3,4,2023,NA
Pierluigi Pardo,Rodri,3,4,2023,NA
Brian Lewis,Kylian Mbappé,3,4,2023,NA
Hideo Tamaru,Kevin De Bruyne,3,4,2023,NA
Taiser Alomiri,Kylian Mbappé,3,4,2023,NA
Geniy Tulegenov,Erling Haaland,3,4,2023,NA
Eric Njiru,Lionel Messi,3,4,2023,NA
Gun Lee,Erling Haaland,3,4,2023,NA
Valon Konushevci,Lionel Messi,3,4,2023,NA
Bakyt Shukuraliev,Lionel Messi,3,4,2023,NA
Ekasanh Thipphachack,Kevin De Bruyne,3,4,2023,NA
Ilvars Koscinkevics,Lionel Messi,3,4,2023,NA
Mike Chalhoub,Julián Álvarez,3,4,2023,NA
Moorosi Simon Tsiane,Erling Haaland,3,4,2023,NA
Anthony Kokoi,Lionel Messi,3,4,2023,NA
Haithem Elamari,Erling Haaland,3,4,2023,NA
Jan Stärker,Victor Osimhen,3,4,2023,NA
Mindaugas Augustis,Khvicha Kvaratskhelia,3,4,2023,NA
Petz Lahure,Bernardo Silva,3,4,2023,NA
Pedro Maia,Erling Haaland,3,4,2023,NA
Michel Ramboa,Kevin De Bruyne,3,4,2023,NA
Peter Kanjere,Erling Haaland,3,4,2023,NA
Ajitpal Singh Dhaliwal,İlkay Gündoğan,3,4,2023,NA
Shimaaz Ali,Erling Haaland,3,4,2023,NA
Bakary Diakite,Erling Haaland,3,4,2023,NA
Sandro Micallef,Erling Haaland,3,4,2023,NA
Brahim Sow Deïna,Victor Osimhen,3,4,2023,NA
Azmaal Hydoo,Kylian Mbappé,3,4,2023,NA
Francisco Javier González,Bernardo Silva,3,4,2023,NA
Miron Goihman,Kylian Mbappé,3,4,2023,NA
Enkhtuvshin Tserensodnom,Kylian Mbappé,3,4,2023,NA
Danilo Mitrovic,Rodri,3,4,2023,NA
Basil Chambers,Julián Álvarez,3,4,2023,NA
Jalal Bouzrara,Victor Osimhen,3,4,2023,NA
João Arnaldo Carlija Chivale,Erling Haaland,3,4,2023,NA
Lin Maw,Julián Álvarez,3,4,2023,NA
Jesse Jackson Kauraisa,Julián Álvarez,3,4,2023,NA
Bikram Thapa,Julián Álvarez,3,4,2023,NA
Jaap De Groot,Lionel Messi,3,4,2023,NA
Martin Charmasson,Kevin De Bruyne,3,4,2023,NA
Michael Burgess,Rodri,3,4,2023,NA
Abdel Malik Koudizé,Erling Haaland,3,4,2023,NA
Oluwashina Okeleji,Kylian Mbappé,3,4,2023,NA
Mijalche Durgutov,Kevin De Bruyne,3,4,2023,NA
Mark Mcintosh,İlkay Gündoğan,3,4,2023,NA
Morten Pedersen,Kevin De Bruyne,3,4,2023,NA
Ashok Purohit,Lionel Messi,3,4,2023,NA
Alam Zeb Safi,Kylian Mbappé,3,4,2023,NA
Majdi Qasem,Lionel Messi,3,4,2023,NA
David Samudio Garay,Rodri,3,4,2023,NA
Edgar Cantero,Kevin De Bruyne,3,4,2023,NA
Pedro Eduardo Canelo Quispe,Kevin De Bruyne,3,4,2023,NA
Ryan Fenix,Kevin De Bruyne,3,4,2023,NA
Michal Pol,Kevin De Bruyne,3,4,2023,NA
Vítor Serpa,Kevin De Bruyne,3,4,2023,NA
Esteban Pagán Rivera,Kylian Mbappé,3,4,2023,NA
Ali Almslmani,Lionel Messi,3,4,2023,NA
Philip Quinn,Kevin De Bruyne,3,4,2023,NA
Theodor Jumatate,Kevin De Bruyne,3,4,2023,NA
Oleg Koshelev,Erling Haaland,3,4,2023,NA
Eddie Nsabimana,Lionel Messi,3,4,2023,NA
Elia Gorini,Lionel Messi,3,4,2023,NA
Sultan Almohawes,Kevin De Bruyne,3,4,2023,NA
Scott Mcdermott,Erling Haaland,3,4,2023,NA
Thierno Souleymane Diallo,Erling Haaland,3,4,2023,NA
Milan Rasevic,Kevin De Bruyne,3,4,2023,NA
Gerard Leonard Govinden,Kevin De Bruyne,3,4,2023,NA
Sahr Morris Jr,Victor Osimhen,3,4,2023,NA
David Lee,Erling Haaland,3,4,2023,NA
Michal Zeman,Erling Haaland,3,4,2023,NA
Anze Baselj,Kylian Mbappé,3,4,2023,NA
Crofton Utukana,Erling Haaland,3,4,2023,NA
Gamadiid Guurre,Erling Haaland,3,4,2023,NA
Robert Marawa,Khvicha Kvaratskhelia,3,4,2023,NA
Juan Ignacio Gallardo,Erling Haaland,3,4,2023,NA
Neville Victor Anthony,Erling Haaland,3,4,2023,NA
Terry Finisterre,Lionel Messi,3,4,2023,NA
Mohamed Elkhatim,Kylian Mbappé,3,4,2023,NA
Desney Romeo,Erling Haaland,3,4,2023,NA
Simon Bank,Erling Haaland,3,4,2023,NA
Tobias Wedermann,Kylian Mbappé,3,4,2023,NA
Olivier Huc,Kylian Mbappé,3,4,2023,NA
Faridun Saliev,Khvicha Kvaratskhelia,3,4,2023,NA
Saleh Ally Saleh,Lionel Messi,3,4,2023,NA
Baboucarr Camara,Kylian Mbappé,3,4,2023,NA
Guedes Jose,Lionel Messi,3,4,2023,NA
Kodjo Sedem Gounoubou,Kylian Mbappé,3,4,2023,NA
Ian Prescott,Kylian Mbappé,3,4,2023,NA
Tarek Ghdiri,Kevin De Bruyne,3,4,2023,NA
Mehmet Arslan,Erling Haaland,3,4,2023,NA
Alexander Vershinin,Lionel Messi,3,4,2023,NA
Faizool Deo,Kylian Mbappé,3,4,2023,NA
Mayamba Stephen,Khvicha Kvaratskhelia,3,4,2023,NA
Valerii Novobranets,Kevin De Bruyne,3,4,2023,NA
Omran Mohamed,Kevin De Bruyne,3,4,2023,NA
Rómulo Martínez Chenlo,Erling Haaland,3,4,2023,NA
Bill Kiser,Lionel Messi,3,4,2023,NA
Douglas Mcintyre,Lionel Messi,3,4,2023,NA
Davron Fayziev,Lionel Messi,3,4,2023,NA
Harry Atisson,Erling Haaland,3,4,2023,NA
Humberto Perozo Suárez,Rodri,3,4,2023,NA
Minh Viet Nguyen,Erling Haaland,3,4,2023,NA
Paul Abbandonato,İlkay Gündoğan,3,4,2023,NA
Basheer Senan,Lionel Messi,3,4,2023,NA
Elias Chipepo,Lionel Messi,3,4,2023,NA
Sikhumbuzo Moyo,Kylian Mbappé,3,4,2023,NA
Farshad Noor,Kevin De Bruyne,1,4,2023,NA
Berat Djimsiti,Rodri,1,4,2023,NA
Riyad Mahrez,İlkay Gündoğan,1,4,2023,NA
Nicky Salapu,Kevin De Bruyne,1,4,2023,NA
Marc Pujol Pons,Kevin De Bruyne,1,4,2023,NA
Fredy Ribeiro,Bernardo Silva,1,4,2023,NA
Germain Hughes,Victor Osimhen,1,4,2023,NA
Quinton Griffith,Kylian Mbappé,1,4,2023,NA
Lionel Messi,Julián Álvarez,1,1,2023,NA
Varazdat Haroyan,Erling Haaland,1,4,2023,NA
Fernando Lewis,Erling Haaland,1,4,2023,NA
Mathew Ryan,Victor Osimhen,1,4,2023,NA
David Alaba,Kevin De Bruyne,1,4,2023,NA
Emin Makhmudov,Kevin De Bruyne,1,4,2023,NA
Leslie St. Fleur,Erling Haaland,1,4,2023,NA
Sayed Mohamed Abbas,Kylian Mbappé,1,4,2023,NA
Jamal Bhuyan,Kevin De Bruyne,1,4,2023,NA
Jomo Harris,İlkay Gündoğan,1,4,2023,NA
Siarhei Palitsevich,Kevin De Bruyne,1,4,2023,NA
Romelu Lukaku Bolingoli,Erling Haaland,1,4,2023,NA
Evral Trapp,Julián Álvarez,1,4,2023,NA
Steve Mounie,Victor Osimhen,1,4,2023,NA
Dale Eve,Kylian Mbappé,1,4,2023,NA
Chencho Gyeltshen,Bernardo Silva,1,4,2023,NA
Marcelo Martins Moreno,Kylian Mbappé,1,4,2023,NA
Edin Dzeko,Kylian Mbappé,1,4,2023,NA
Thatayaone Ditlhokwe,Erling Haaland,1,4,2023,NA
Carlos Casemiro,Kylian Mbappé,1,4,2023,NA
Mohd Hendra Azam Mohd Idris,Lionel Messi,1,4,2023,NA
Kiril Despodov,Lionel Messi,1,4,2023,NA
Bertrand Traoré,Kevin De Bruyne,1,4,2023,NA
Frederic Nsabiyumva,Bernardo Silva,1,4,2023,NA
"Ryan Mendes
",Kylian Mbappé,1,4,2023,NA
Kouch Sokumpheak,Kevin De Bruyne,1,4,2023,NA
Vincent Aboubakar,Lionel Messi,1,4,2023,NA
Milan Borjan,Marcelo Brozović,1,4,2023,NA
Dandre Rowe,Rodri,1,4,2023,NA
Saint-Cyr Ngam-Ngam,Victor Osimhen,1,4,2023,NA
Ahmat Abdraman,Bernardo Silva,1,4,2023,NA
Gary Medel Soto,Kylian Mbappé,1,4,2023,NA
Xi Wu,Erling Haaland,1,4,2023,NA
Chun-Ching Wu,Erling Haaland,1,4,2023,NA
Radamel Falcao Garcia Zarate,Bernardo Silva,1,4,2023,NA
Elfardou Ben Mohamed,Julián Álvarez,1,4,2023,NA
Silvere Ganvoula Mboussy,İlkay Gündoğan,1,4,2023,NA
Chancel Mbemba,Kevin De Bruyne,1,4,2023,NA
Tahiri Elikana,Kevin De Bruyne,1,4,2023,NA
Keilor Navas Gamboa,Kevin De Bruyne,1,4,2023,NA
Max Alain Gradel,Victor Osimhen,1,4,2023,NA
Luka Modric,Marcelo Brozović,1,1,2023,NA
Luis Javier Paradela Diaz,Lionel Messi,1,4,2023,NA
Leandro Bacuna,Erling Haaland,1,4,2023,NA
Kostakis Artymatas,Rodri,1,4,2023,NA
Tomas Soucek,Kylian Mbappé,1,4,2023,NA
Simon Kjär,Kylian Mbappé,1,4,2023,NA
Hamze Abdi Idleh,Julián Álvarez,1,4,2023,NA
Glenson Prince,Khvicha Kvaratskhelia,1,4,2023,NA
Jean Carlos López Moscoso,Kylian Mbappé,1,4,2023,NA
Enner Valencia,Erling Haaland,1,4,2023,NA
Mohamed Salah,Erling Haaland,1,4,2023,NA
Mario Gonzalez,Kylian Mbappé,1,4,2023,NA
Harry Kane,Bernardo Silva,1,4,2023,NA
Emilio Nsue Lopez,Erling Haaland,1,4,2023,NA
Ablelom Teklezghi Gebreyowhnnes,Kevin De Bruyne,1,4,2023,NA
Konstantin Vassiljev,Erling Haaland,1,4,2023,NA
Sifiso Matse,Victor Osimhen,1,4,2023,NA
Bekele Shemeles,Julián Álvarez,1,4,2023,NA
Viljormur Davidsen,Erling Haaland,1,4,2023,NA
Roy Krishna,Kylian Mbappé,1,4,2023,NA
Lukas Hradecky,İlkay Gündoğan,1,4,2023,NA
Kylian Mbappé,Kevin De Bruyne,1,4,2023,NA
Bruno Ecuele Manga,Kevin De Bruyne,1,4,2023,NA
Guram Kashia,Khvicha Kvaratskhelia,1,1,2023,NA
İlkay Gündoğan,Rodri,1,4,2023,NA
André Ayew,Lionel Messi,1,4,2023,NA
Roy Chipolina,İlkay Gündoğan,1,4,2023,NA
Anastasios Bakasetas,Kylian Mbappé,1,4,2023,NA
Jacob Kwame Berkeley Agyepong,Victor Osimhen,1,4,2023,NA
Jason Ryan Quitugua Cunliffe,Erling Haaland,1,4,2023,NA
José Carlos Pinto Samayoa,Kevin De Bruyne,1,4,2023,NA
Naby Keita,Kylian Mbappé,1,4,2023,NA
Jonas Asvedo Mendes,Kylian Mbappé,1,4,2023,NA
Daniel Wilson,Julián Álvarez,1,4,2023,NA
Johny Placide,Kylian Mbappé,1,4,2023,NA
Antony Lozano,Erling Haaland,1,4,2023,NA
Hung Fai Yapp,Lionel Messi,1,4,2023,NA
Dominik Szoboszlai,Kylian Mbappé,1,4,2023,NA
Aron Gunnarsson,Rodri,1,4,2023,NA
Sunil Chhetri,Victor Osimhen,1,4,2023,NA
Asnawi Mangkualam Bahar,Kylian Mbappé,1,4,2023,NA
Ehsan Hajisafi,Rodri,1,4,2023,NA
Jalal Hassan,Lionel Messi,1,4,2023,NA
Eliezer Dasa,Kylian Mbappé,1,4,2023,NA
Gianluigi Donnarumma,Erling Haaland,1,4,2023,NA
Andre Blake,Erling Haaland,1,4,2023,NA
Wataru Endo,Lionel Messi,1,4,2023,NA
Ehsan Haddad,Bernardo Silva,1,4,2023,NA
Ashkat Tagybergen,Marcelo Brozović,1,4,2023,NA
Michael Olunga Ogada,Victor Osimhen,1,4,2023,NA
Heung Min Son,Kylian Mbappé,1,4,2023,NA
Amir Rrahmani,Lionel Messi,1,4,2023,NA
Khaled Ibrahim,Kevin De Bruyne,1,4,2023,NA
Kichin Valerii,Kylian Mbappé,1,4,2023,NA
Phoutdavy Phommasane,Lionel Messi,1,4,2023,NA
Kristers Tobers,Erling Haaland,1,4,2023,NA
Hassan Maatouk,Erling Haaland,1,4,2023,NA
Sekhoane Benedict Moerane,Victor Osimhen,1,4,2023,NA
William Jebor,Erling Haaland,1,4,2023,NA
Taher Binamer,Kylian Mbappé,1,4,2023,NA
Nicolas Hasler,Rodri,1,4,2023,NA
Fedor Cernych,Kevin De Bruyne,1,4,2023,NA
Laurent Jans,Lionel Messi,1,4,2023,NA
Nicholas Mario De Almeida Torrao,Kevin De Bruyne,1,4,2023,NA
Rayan Raveloson,Erling Haaland,1,4,2023,NA
John Banda,Kevin De Bruyne,1,4,2023,NA
Matthew Davies,Kevin De Bruyne,1,4,2023,NA
Ali Samooh,Kylian Mbappé,1,4,2023,NA
Hamari Traore,Julián Álvarez,1,4,2023,NA
Steve Borg,Kylian Mbappé,1,4,2023,NA
Yaly Mohamed Dellah,Kevin De Bruyne,1,4,2023,NA
Emmanuel Vincent Jean,Lionel Messi,1,4,2023,NA
Guillermo Ochoa,Erling Haaland,1,4,2023,NA
Rata Vadim,Bernardo Silva,1,4,2023,NA
Tsendayush Khurelbaatar,Lionel Messi,1,4,2023,NA
Stevan Jovetic,Kylian Mbappé,1,4,2023,NA
Lyle Taylor,Erling Haaland,1,4,2023,NA
Romain Ghanem Saiss,Lionel Messi,1,4,2023,NA
Elias Pelembe,Kevin De Bruyne,1,4,2023,NA
Lwin Maung Maung,Kevin De Bruyne,1,4,2023,NA
Ananias Gebhardt,Kevin De Bruyne,1,4,2023,NA
Kiran Limbu Chemjong,Erling Haaland,1,4,2023,NA
Virgil Van Dijk,Kevin De Bruyne,1,4,2023,NA
Morgan Mathelon,Kevin De Bruyne,1,4,2023,NA
Chris Wood,Kevin De Bruyne,1,4,2023,NA
Juan Barrera,Victor Osimhen,1,4,2023,NA
Youssouf Oumarou,Victor Osimhen,1,4,2023,NA
Ahmed Musa,Erling Haaland,1,4,2023,NA
Enis Bardhi,Lionel Messi,1,4,2023,NA
Jonathan Evans,Erling Haaland,1,4,2023,NA
Martin Odegaard,Kylian Mbappé,1,4,2023,NA
Harib Al-Saadi,Kevin De Bruyne,1,4,2023,NA
Easah Suliman,Rodri,1,4,2023,NA
Musab Battat,Erling Haaland,1,4,2023,NA
Anibal Godoy,Erling Haaland,1,4,2023,NA
Raymond Gunemba,Kylian Mbappé,1,4,2023,NA
Gustavo Gomez,Kylian Mbappé,1,4,2023,NA
Paolo Guerrero,Erling Haaland,1,4,2023,NA
Neil Etheridge,Kevin De Bruyne,1,4,2023,NA
Robert Lewandowski,Erling Haaland,1,4,2023,NA
Kepler Ferreira,Victor Osimhen,1,4,2023,NA
Nicolas Cardona,Kylian Mbappé,1,4,2023,NA
Hassan Al-Haydos,Kylian Mbappé,1,4,2023,NA
Seamus Coleman,Lionel Messi,1,4,2023,NA
Nicolae Stanciu,Kevin De Bruyne,1,4,2023,NA
Georgi Dzhikiya,Kevin De Bruyne,1,4,2023,NA
Djihad Bizimana,Erling Haaland,1,4,2023,NA
Kyah Cahill,Kylian Mbappé,1,4,2023,NA
Alessandro Golinucci,Bernardo Silva,1,4,2023,NA
Luis Anjos,Victor Osimhen,1,4,2023,NA
Salman Alfaraj,Erling Haaland,1,4,2023,NA
Andrew Robertson,Kylian Mbappé,1,4,2023,NA
Kalidou Koulibaly,Kylian Mbappé,1,4,2023,NA
Dusan Tadic,Kylian Mbappé,1,4,2023,NA
Benoit Marie,Kylian Mbappé,1,4,2023,NA
Osman Kakay,Kylian Mbappé,1,4,2023,NA
Hariss Harun,Erling Haaland,1,4,2023,NA
Milan Škriniar,Erling Haaland,1,4,2023,NA
Jan Oblak,Erling Haaland,1,4,2023,NA
Joses Nawo,Erling Haaland,1,4,2023,NA
Ahmed Abdullahi Abdi Baanuu,Erling Haaland,1,4,2023,NA
Ronwen Williams,Rodri,1,4,2023,NA
Peter Mabok,Erling Haaland,1,4,2023,NA
Alvaro Morata Martin,Kylian Mbappé,1,4,2023,NA
Sujan Perera,Kevin De Bruyne,1,4,2023,NA
Julani Archibald,Kylian Mbappé,1,4,2023,NA
Terell Thomas,Kylian Mbappé,1,4,2023,NA
Cornelius Stewart,Kylian Mbappé,1,4,2023,NA
Shaquille Pinas,Kevin De Bruyne,1,4,2023,NA
Victor Lindelof,Bernardo Silva,1,4,2023,NA
Granit Xhaka,Kylian Mbappé,1,4,2023,NA
Omar Alsoma,İlkay Gündoğan,1,4,2023,NA
Teaonui Tehau,Erling Haaland,1,4,2023,NA
Parviz Umarbaev,Kylian Mbappé,1,4,2023,NA
Mbwana Ally Samatta,Kylian Mbappé,1,4,2023,NA
Theerathon Bunmathan,Kylian Mbappé,1,4,2023,NA
Omar Colley,Erling Haaland,1,4,2023,NA
Filomeno Junior Da Costa,Julián Álvarez,1,4,2023,NA
Dakonam Ortega Djene,Kevin De Bruyne,1,4,2023,NA
Hemaloto Polovili,Kylian Mbappé,1,4,2023,NA
Aubrey David,Victor Osimhen,1,4,2023,NA
Youssef Msakni,Erling Haaland,1,4,2023,NA
Hakan Calhanoglu,Kylian Mbappé,1,4,2023,NA
Arslanmyrat Amanov,Kylian Mbappé,1,4,2023,NA
Billy Forbes,Julián Álvarez,1,4,2023,NA
Emmanuel Arnold Okwi,Julián Álvarez,1,4,2023,NA
Andriy Yarmolenko,Kevin De Bruyne,1,4,2023,NA
Ali Khaseif,Bernardo Silva,1,4,2023,NA
Federico Valverde,Erling Haaland,1,4,2023,NA
James Mack,Kylian Mbappé,1,4,2023,NA
Christian Mate Pulisic,Erling Haaland,1,4,2023,NA
Eldor Shomurodov,Erling Haaland,1,4,2023,NA
Brian Kaltak,Kevin De Bruyne,1,4,2023,NA
Tomas Rincon,Erling Haaland,1,4,2023,NA
Ngoc Hai Que,Kevin De Bruyne,1,4,2023,NA
Aaron Ramsey,Kevin De Bruyne,1,4,2023,NA
Wahid Alkhyad,Marcelo Brozović,1,4,2023,NA
Lubambo Musonda,Victor Osimhen,1,4,2023,NA
Marvelous Nakamba,Rodri,1,4,2023,NA
Abdullah Almutairi,Victor Osimhen,1,4,2023,NA
Sylvio Mendes Campos,Kevin De Bruyne,1,4,2023,NA
Djamel Belmadi,Victor Osimhen,1,4,2023,NA
Tunoa Lui,Julián Álvarez,1,4,2023,NA
Koldo Alvarez De Eulate,Erling Haaland,1,4,2023,NA
Pedro Valdemar Soares Gonçalves,Victor Osimhen,1,4,2023,NA
Nigel Connor,Kylian Mbappé,1,4,2023,NA
Mikele Leigertwood,Julián Álvarez,1,4,2023,NA
Lionel Scaloni,Kylian Mbappé,1,4,2023,NA
Oleksandr Petrakov,Rodri,1,4,2023,NA
Marvic Bermudez,Erling Haaland,1,4,2023,NA
Graham Arnold,Kylian Mbappé,1,4,2023,NA
Ralf Rangnick,Kevin De Bruyne,1,4,2023,NA
Giovanni De Biasi,Bernardo Silva,1,4,2023,NA
Nesly Jean,Kylian Mbappé,1,4,2023,NA
Juan Antonio Pizzi,Erling Haaland,1,4,2023,NA
Javier Cabrera,İlkay Gündoğan,1,4,2023,NA
Orlando Costa,Bernardo Silva,1,4,2023,NA
Carlos Alos Ferrer,Kevin De Bruyne,1,4,2023,NA
Domenico Tedesco,Erling Haaland,1,4,2023,NA
David Pérez Asensio,Kevin De Bruyne,1,4,2023,NA
Gernot Rohr,İlkay Gündoğan,1,4,2023,NA
Michael Findlay,Khvicha Kvaratskhelia,1,4,2023,NA
Pema Dorji,Lionel Messi,1,4,2023,NA
Gustavo Costas,Julián Álvarez,1,4,2023,NA
Meho Kodro,Kylian Mbappé,1,4,2023,NA
Mogomotsi Mpote,Victor Osimhen,1,4,2023,NA
Fernando Diniz,Erling Haaland,1,4,2023,NA
Mario Rivera Campesino,Marcelo Brozović,1,4,2023,NA
Mladen Krstajić,Victor Osimhen,1,4,2023,NA
Hubert Velud,Victor Osimhen,1,4,2023,NA
Etienne Ndayiragije,Julián Álvarez,1,4,2023,NA
Pedro Leitão Brito,Victor Osimhen,1,4,2023,NA
Felix Agustin Gonzalez Dalmas,Julián Álvarez,1,4,2023,NA
Rigobert Song Bahanag,Victor Osimhen,1,4,2023,NA
Mauro Biello,Erling Haaland,1,4,2023,NA
Claudio Garcia,Kevin De Bruyne,1,4,2023,NA
Raoul Savoy,Victor Osimhen,1,4,2023,NA
Kevin Nicaise,Bernardo Silva,1,4,2023,NA
Eduardo Berizzo,Marcelo Brozović,1,4,2023,NA
Aleksandar Jankovic,Erling Haaland,1,4,2023,NA
Gary White,Declan Rice,1,4,2023,NA
Néstor Lorenzo,Rodri,1,4,2023,NA
Stefano Cusin,Erling Haaland,1,4,2023,NA
Paul Put,İlkay Gündoğan,1,4,2023,NA
Sébastien Desabre,Victor Osimhen,1,4,2023,NA
Alan Taylor,Kylian Mbappé,1,4,2023,NA
Claudio Alejandro Vivas,Erling Haaland,1,4,2023,NA
Jean Louis Gasset,Erling Haaland,1,4,2023,NA
Yunielys Castillo Carmenate,Kylian Mbappé,1,4,2023,NA
Dean Gorre,Erling Haaland,1,4,2023,NA
Temur Ketsbaia,Khvicha Kvaratskhelia,1,4,2023,NA
Jaroslav Silhavy,Kylian Mbappé,1,4,2023,NA
Kasper Hjulmand,Erling Haaland,1,4,2023,NA
Abdirahman Okieh Hadi,Victor Osimhen,1,4,2023,NA
Ellington Sabin,Lionel Messi,1,4,2023,NA
Marcelo Neveleff,Kylian Mbappé,1,4,2023,NA
Felix Sanchez Bas,Kylian Mbappé,1,4,2023,NA
Rui Vitoria,Kylian Mbappé,1,4,2023,NA
Ruben De La Barrera,Kevin De Bruyne,1,4,2023,NA
Gareth Southgate,Bernardo Silva,1,4,2023,NA
Juan Micha Obiang Bicogo,İlkay Gündoğan,1,4,2023,NA
Ermais Tewelde Asmorom,Erling Haaland,1,4,2023,NA
Häberli Thomas,Kylian Mbappé,1,4,2023,NA
Dominic Kuseni Kunene,Bernardo Silva,1,4,2023,NA
Daniel Woldde,Lionel Messi,1,4,2023,NA
Hakan Ericson,Rodri,1,4,2023,NA
Timo Jankowski,Khvicha Kvaratskhelia,1,4,2023,NA
Markku Kanerva,Rodri,1,4,2023,NA
Didier Deschamps,Lionel Messi,1,4,2023,NA
Willy Sagnol,Rodri,1,4,2023,NA
Julian Nagelsmann,Erling Haaland,1,4,2023,NA
Christopher Hughton,Erling Haaland,1,4,2023,NA
Julio Ribas,Lionel Messi,1,4,2023,NA
Gustavo Poyet,Kylian Mbappé,1,4,2023,NA
Terry Connor,Bernardo Silva,1,4,2023,NA
Ross Awa,Rodri,1,4,2023,NA
Luis Fernando Tena Garduño,İlkay Gündoğan,1,4,2023,NA
Kaba Diawara,Lionel Messi,1,4,2023,NA
Baciro Candé,Victor Osimhen,1,4,2023,NA
Jamaal Shabazz,Erling Haaland,1,4,2023,NA
Gabriel Calderon Pellegrino,Erling Haaland,1,4,2023,NA
Reinaldo Rueda Rivera,Kylian Mbappé,1,4,2023,NA
Jörn Andersen,Kylian Mbappé,1,4,2023,NA
Marco Rossi,Kylian Mbappé,1,4,2023,NA
Joey Gudjonsson,Kevin De Bruyne,1,4,2023,NA
Igor Stimac,Kevin De Bruyne,1,4,2023,NA
Taeyong Shin,Rodri,1,4,2023,NA
Ardeshir Ghalehnoy,Erling Haaland,1,4,2023,NA
Jesus Casas,Kevin De Bruyne,1,4,2023,NA
Alon Hazan,Khvicha Kvaratskhelia,1,4,2023,NA
Luciano Spalletti,Victor Osimhen,1,4,2023,NA
John Wall,Victor Osimhen,1,4,2023,NA
Hajime Moriyasu,Lionel Messi,1,4,2023,NA
Lhoussaine Ammouta,Erling Haaland,1,4,2023,NA
Magomed Adiev,Kylian Mbappé,1,4,2023,NA
Engin Firat,Kevin De Bruyne,1,4,2023,NA
Yong Nam Sin,Erling Haaland,1,4,2023,NA
Juergen Klinsmann,İlkay Gündoğan,1,4,2023,NA
Primoz Gliha,İlkay Gündoğan,1,4,2023,NA
Rui Bento,Kevin De Bruyne,1,4,2023,NA
Stefan Tarkovic,Marcelo Brozović,1,4,2023,NA
Kanlaya Sysomvang,Kevin De Bruyne,1,4,2023,NA
Dainis Kazakevics,Rodri,1,4,2023,NA
Aleksandar Ilic,Erling Haaland,1,4,2023,NA
Leslie Makhetha Notsi,Kevin De Bruyne,1,4,2023,NA
Ansumana Keita,Kylian Mbappé,1,4,2023,NA
Salem El Jelali,Lionel Messi,1,4,2023,NA
Konrad Fünfstück,Lionel Messi,1,4,2023,NA
Edgaras Jankauskas,Kevin De Bruyne,1,4,2023,NA
Luc Holtz,Kevin De Bruyne,1,4,2023,NA
Lazaro Fonseca Da Costa Oliveira,Kylian Mbappé,1,4,2023,NA
Romuald Felix Rakotondrabe,Bernardo Silva,1,4,2023,NA
Patrick Mabedi,Lionel Messi,1,4,2023,NA
Kim Pan Gon,Lionel Messi,1,4,2023,NA
Ali Suzain,Victor Osimhen,1,4,2023,NA
Eric Sekou Chelle,Victor Osimhen,1,4,2023,NA
Michele Marcolini,Erling Haaland,1,4,2023,NA
Amir Abdou,Victor Osimhen,1,4,2023,NA
Etienne Olivier Fidy Rasoanaivo,Erling Haaland,1,4,2023,NA
Jaime Arturo Lozano Espin,İlkay Gündoğan,1,4,2023,NA
Serghei Clescenco,Erling Haaland,1,4,2023,NA
Ichiro Otsuka,Declan Rice,1,4,2023,NA
Miodrag Radulovic,Kylian Mbappé,1,4,2023,NA
Lee David Bowyer,Kylian Mbappé,1,4,2023,NA
Hoalid Regragui,Kylian Mbappé,1,4,2023,NA
Francisco Queriol Conde Junior,Erling Haaland,1,4,2023,NA
Michael Feichtenbeiner,Kevin De Bruyne,1,4,2023,NA
Collin Benjamin,Victor Osimhen,1,4,2023,NA
Vincenzo Alberto Annese,Kevin De Bruyne,1,4,2023,NA
Ronald Koeman,Lionel Messi,1,4,2023,NA
Johan Sidaner,Bernardo Silva,1,4,2023,NA
Darren Bazeley,Julián Álvarez,1,4,2023,NA
Marco Antonio Figueroa Montero,Kevin De Bruyne,1,4,2023,NA
Zakariaou Ibrahim,Erling Haaland,1,4,2023,NA
Jose Vitor Dos Santos Peseiro,Erling Haaland,1,4,2023,NA
Blagoja Milevski,Rodri,1,4,2023,NA
Michael Oneill,Kylian Mbappé,1,4,2023,NA
Ståle Solbakken,Kylian Mbappé,1,4,2023,NA
Branko Ivankovic,Julián Álvarez,1,4,2023,NA
Stephen Constantine,Kylian Mbappé,1,4,2023,NA
Makram Daboub,Kevin De Bruyne,1,4,2023,NA
Thomas Christiansen,Kylian Mbappé,1,4,2023,NA
Harrison Kamake,Erling Haaland,1,4,2023,NA
Daniel Garnero,Kevin De Bruyne,1,4,2023,NA
Juan Reynoso Guzman,Lionel Messi,1,4,2023,NA
Michael Weiss,Erling Haaland,1,4,2023,NA
Michał Probierz,Erling Haaland,1,4,2023,NA
Roberto Martinez,Lionel Messi,1,4,2023,NA
Charlie Trout,Erling Haaland,1,4,2023,NA
Carlos Queiroz,Kylian Mbappé,1,4,2023,NA
Stephen Kenny,Kevin De Bruyne,1,4,2023,NA
Edward Marius Iordanescu,Victor Osimhen,1,4,2023,NA
Valeri Karpin,Kylian Mbappé,1,4,2023,NA
Gerard Marcel Alain Buscher,Erling Haaland,1,4,2023,NA
Ryan Stewart,Rodri,1,4,2023,NA
Fabrizio Costantini,Erling Haaland,1,4,2023,NA
Adriano Eusébio,Victor Osimhen,1,4,2023,NA
Roberto Mancini,Victor Osimhen,1,4,2023,NA
Steve Clarke,Erling Haaland,1,4,2023,NA
Aliou Cissé,Victor Osimhen,1,4,2023,NA
Dragan Stojkovic,Rodri,1,4,2023,NA
Ralph Jean-Louis,Kylian Mbappé,1,4,2023,NA
Amidu Karim,Victor Osimhen,1,4,2023,NA
Takayuki Nishigaya,Erling Haaland,1,4,2023,NA
Francesco Calzona,Bernardo Silva,1,4,2023,NA
Matjaž Kek,Lionel Messi,1,4,2023,NA
Felipe Vega Arango,Erling Haaland,1,4,2023,NA
Rachid Lousteque,Lionel Messi,1,4,2023,NA
Hugo Broos,Erling Haaland,1,4,2023,NA
Stefano Cusin,Kylian Mbappé,1,4,2023,NA
Luis De La Fuente Castillo,Lionel Messi,1,4,2023,NA
Andrew Morrison,İlkay Gündoğan,1,4,2023,NA
Austin Huggins,Lionel Messi,1,4,2023,NA
Stern John,Kylian Mbappé,1,4,2023,NA
Theon Gordon,Erling Haaland,1,4,2023,NA
Aron Winter,Erling Haaland,1,4,2023,NA
Jan Andersson,Lionel Messi,1,4,2023,NA
Murat Yakin,Kylian Mbappé,1,4,2023,NA
Hector Raul Cuper,Erling Haaland,1,4,2023,NA
Samuel Garcia,Lionel Messi,1,4,2023,NA
Petar Šegrt,Erling Haaland,1,4,2023,NA
Adel Amrouche,İlkay Gündoğan,1,4,2023,NA
Mano Polking,Erling Haaland,1,4,2023,NA
Tom Saintfiet,Erling Haaland,1,4,2023,NA
Suntae Park,Kylian Mbappé,1,4,2023,NA
Paulo Duarte,Kevin De Bruyne,1,4,2023,NA
Timote Moleni,Erling Haaland,1,4,2023,NA
Angus Eve,Lionel Messi,1,4,2023,NA
Jalel Kadri,Victor Osimhen,1,4,2023,NA
Vincenzo Montella,Bernardo Silva,1,4,2023,NA
Mergen Orazov,Lionel Messi,1,4,2023,NA
Ricky Hill,Kevin De Bruyne,1,4,2023,NA
Morley Byekwaso,Lionel Messi,1,4,2023,NA
Serhii Rebrov,Erling Haaland,1,4,2023,NA
Paulo Jorge Gomes Bento,Erling Haaland,1,4,2023,NA
Marcelo Bielsa,İlkay Gündoğan,1,4,2023,NA
Gilberto Junior Damiano Maciel,Bernardo Silva,1,4,2023,NA
Gregg Berhalter,Lionel Messi,1,4,2023,NA
Srecko Katanec,Kylian Mbappé,1,4,2023,NA
Etienne Mermer,Julián Álvarez,1,4,2023,NA
Fernando Batista,Julián Álvarez,1,4,2023,NA
Philippe Bernard Victor Troussier,Kylian Mbappé,1,4,2023,NA
Robert Page,Kevin De Bruyne,1,4,2023,NA
Miroslav Soukup,Kevin De Bruyne,1,4,2023,NA
Abraham Grant,Kylian Mbappé,1,4,2023,NA
Baltemar Brito,Erling Haaland,1,4,2023,NA
Sayer Zaland,Julián Álvarez,1,4,2023,NA
Endi Tufa,Kylian Mbappé,1,4,2023,NA
Mohammed Rachid Belarbi,Khvicha Kvaratskhelia,1,4,2023,NA
Victor Duaso Saludas,Kylian Mbappé,1,4,2023,NA
Geraldo Quiala,Kylian Mbappé,1,4,2023,NA
Claudio Mauri,Lionel Messi,1,1,2023,NA
Robert Gasparyan,Kylian Mbappé,1,4,2023,NA
Seever Krozendijk,Kylian Mbappé,1,4,2023,NA
Simon Hill,Erling Haaland,1,4,2023,NA
Lackner Gerhard,Declan Rice,1,4,2023,NA
Rasim Mövsümov,İlkay Gündoğan,1,4,2023,NA
Simba French,Julián Álvarez,1,4,2023,NA
Abdulla Ashoor,Lionel Messi,1,4,2023,NA
Raihan Mahmood,İlkay Gündoğan,1,4,2023,NA
Siarhei Nikalayeu,Kevin De Bruyne,1,4,2023,NA
Kristof Terreur,Kevin De Bruyne,1,1,2023,NA
Senankpon Perez Lekotan,Kevin De Bruyne,1,4,2023,NA
Earl Basden,Julián Álvarez,1,4,2023,NA
Namgay Zam,Lionel Messi,1,4,2023,NA
Emir Delić,Kevin De Bruyne,1,4,2023,NA
Duncan Kgangkenna,Erling Haaland,1,4,2023,NA
Martín Fernandez,Bernardo Silva,1,4,2023,NA
Charlie Jackson,Khvicha Kvaratskhelia,1,4,2023,NA
Boyan Boychev,İlkay Gündoğan,1,4,2023,NA
Siriki Dramé,Kevin De Bruyne,1,4,2023,NA
Liliane Nshimirimana,Kylian Mbappé,1,4,2023,NA
Simao Rodrigues,Kylian Mbappé,1,4,2023,NA
Chamroeun Ung,Khvicha Kvaratskhelia,1,4,2023,NA
Neil Davidson,Kylian Mbappé,1,4,2023,NA
Raymon Singh,Kylian Mbappé,1,4,2023,NA
Bienvenu Elie Gbelo,Lionel Messi,1,4,2023,NA
Salahadine Mahamat Sabour,Victor Osimhen,1,4,2023,NA
Danilo Díaz,Erling Haaland,1,4,2023,NA
Dexing Ma,Julián Álvarez,1,4,2023,NA
Chihwei Hung,Erling Haaland,1,4,2023,NA
Diego Rueda,Rodri,1,4,2023,NA
Djouma Elie-Dine,Lionel Messi,1,4,2023,NA
Emmanuel Kaba,Erling Haaland,1,4,2023,NA
Michel Tobo,İlkay Gündoğan,1,4,2023,NA
Rashneel Kumar Madhur,Kylian Mbappé,1,4,2023,NA
David Goldberg,Kylian Mbappé,1,4,2023,NA
Magloire Gnae Oulidehi,İlkay Gündoğan,1,4,2023,NA
Robert Matteoni,Marcelo Brozović,1,1,2023,NA
Yasiel Cancio,Kevin De Bruyne,1,4,2023,NA
Carl Ruiter,İlkay Gündoğan,1,4,2023,NA
Andreas Violaris,Julián Álvarez,1,4,2023,NA
Jan Palička,Kevin De Bruyne,1,4,2023,NA
Klaus Egelund,Khvicha Kvaratskhelia,1,4,2023,NA
Yacin Ahmed Moussa,Julián Álvarez,1,4,2023,NA
Garvin Richards,Kevin De Bruyne,1,4,2023,NA
Jorge Bauger,Victor Osimhen,1,4,2023,NA
Tito Rosales Cox,Lionel Messi,1,4,2023,NA
Hady Elmadany,Victor Osimhen,1,4,2023,NA
Gabriel Campos,Kylian Mbappé,1,4,2023,NA
John Cross,Lionel Messi,1,4,2023,NA
Fabien Essiane,Erling Haaland,1,4,2023,NA
Michael Seium,Victor Osimhen,1,4,2023,NA
Aet Suvari,Kevin De Bruyne,1,4,2023,NA
Chris Dlamini,Kylian Mbappé,1,4,2023,NA
Hussen Abdulkeni,Kevin De Bruyne,1,4,2023,NA
Símun Christian Olsen,Victor Osimhen,1,4,2023,NA
Indra Singh,Declan Rice,1,4,2023,NA
Ari Virtanen,Khvicha Kvaratskhelia,1,4,2023,NA
Cyrille De La Morinerie,Kylian Mbappé,1,1,2023,NA
Zurab Potskhveria,Rodri,1,4,2023,NA
Georg Holzner,Kylian Mbappé,1,4,2023,NA
Gary Al Smith,Victor Osimhen,1,4,2023,NA
Stephen Ignacio,Kylian Mbappé,1,4,2023,NA
Nikolaos Kotsis,Kylian Mbappé,1,4,2023,NA
Michael Bascombe,Julián Álvarez,1,4,2023,NA
Carlos Marín Noriega,Victor Osimhen,1,4,2023,NA
Alpha Mady Touré,Kevin De Bruyne,1,4,2023,NA
Sene Camara,Kylian Mbappé,1,4,2023,NA
Rawle Toney,Julián Álvarez,1,4,2023,NA
Lutherson Leon,Rodri,1,4,2023,NA
Gonzalo Carias,Kylian Mbappé,1,4,2023,NA
Ho Yin Kwok,Khvicha Kvaratskhelia,1,4,2023,NA
György Szöllösi,Khvicha Kvaratskhelia,1,4,2023,NA
Vidir Sigurdsson,Khvicha Kvaratskhelia,1,4,2023,NA
Dhiman Sarkar,Victor Osimhen,1,4,2023,NA
Triono Subagyo,Lionel Messi,1,4,2023,NA
Masoud Hossein,Marcelo Brozović,1,4,2023,NA
Arshed Alsaedi,Kylian Mbappé,1,4,2023,NA
Uri Dagon,Victor Osimhen,1,4,2023,NA
Pierluigi Pardo,Victor Osimhen,1,4,2023,NA
Brian Lewis,Erling Haaland,1,4,2023,NA
Hideo Tamaru,Victor Osimhen,1,4,2023,NA
Taiser Alomiri,Lionel Messi,1,4,2023,NA
Geniy Tulegenov,Lionel Messi,1,4,2023,NA
Eric Njiru,Victor Osimhen,1,4,2023,NA
Gun Lee,Victor Osimhen,1,4,2023,NA
Valon Konushevci,Kevin De Bruyne,1,4,2023,NA
Bakyt Shukuraliev,Kylian Mbappé,1,4,2023,NA
Ekasanh Thipphachack,Rodri,1,4,2023,NA
Ilvars Koscinkevics,Kylian Mbappé,1,4,2023,NA
Mike Chalhoub,Kylian Mbappé,1,4,2023,NA
Moorosi Simon Tsiane,Kylian Mbappé,1,4,2023,NA
Anthony Kokoi,Victor Osimhen,1,4,2023,NA
Haithem Elamari,Kylian Mbappé,1,4,2023,NA
Jan Stärker,Erling Haaland,1,4,2023,NA
Mindaugas Augustis,Kylian Mbappé,1,4,2023,NA
Petz Lahure,Rodri,1,4,2023,NA
Pedro Maia,Bernardo Silva,1,4,2023,NA
Michel Ramboa,Victor Osimhen,1,4,2023,NA
Peter Kanjere,Kylian Mbappé,1,4,2023,NA
Ajitpal Singh Dhaliwal,Julián Álvarez,1,4,2023,NA
Shimaaz Ali,Kylian Mbappé,1,4,2023,NA
Bakary Diakite,Kylian Mbappé,1,4,2023,NA
Sandro Micallef,Kylian Mbappé,1,4,2023,NA
Brahim Sow Deïna,Kevin De Bruyne,1,4,2023,NA
Azmaal Hydoo,Lionel Messi,1,4,2023,NA
Francisco Javier González,Kevin De Bruyne,1,4,2023,NA
Miron Goihman,Erling Haaland,1,4,2023,NA
Enkhtuvshin Tserensodnom,Kevin De Bruyne,1,4,2023,NA
Danilo Mitrovic,Khvicha Kvaratskhelia,1,4,2023,NA
Basil Chambers,Kylian Mbappé,1,4,2023,NA
Jalal Bouzrara,Bernardo Silva,1,4,2023,NA
João Arnaldo Carlija Chivale,Kevin De Bruyne,1,4,2023,NA
Lin Maw,Rodri,1,4,2023,NA
Jesse Jackson Kauraisa,Bernardo Silva,1,4,2023,NA
Bikram Thapa,Lionel Messi,1,4,2023,NA
Jaap De Groot,Rodri,1,4,2023,NA
Martin Charmasson,Rodri,1,4,2023,NA
Michael Burgess,Lionel Messi,1,4,2023,NA
Abdel Malik Koudizé,Victor Osimhen,1,4,2023,NA
Oluwashina Okeleji,Victor Osimhen,1,1,2023,NA
Mijalche Durgutov,Marcelo Brozović,1,4,2023,NA
Mark Mcintosh,Victor Osimhen,1,4,2023,NA
Morten Pedersen,Bernardo Silva,1,4,2023,NA
Ashok Purohit,Erling Haaland,1,4,2023,NA
Alam Zeb Safi,Victor Osimhen,1,4,2023,NA
Majdi Qasem,Erling Haaland,1,4,2023,NA
David Samudio Garay,Kevin De Bruyne,1,4,2023,NA
Edgar Cantero,Erling Haaland,1,4,2023,NA
Pedro Eduardo Canelo Quispe,İlkay Gündoğan,1,4,2023,NA
Ryan Fenix,Victor Osimhen,1,4,2023,NA
Michal Pol,Victor Osimhen,1,4,2023,NA
Vítor Serpa,Bernardo Silva,1,1,2023,NA
Esteban Pagán Rivera,Kevin De Bruyne,1,4,2023,NA
Ali Almslmani,Kylian Mbappé,1,4,2023,NA
Philip Quinn,İlkay Gündoğan,1,4,2023,NA
Theodor Jumatate,Khvicha Kvaratskhelia,1,4,2023,NA
Oleg Koshelev,Khvicha Kvaratskhelia,1,4,2023,NA
Eddie Nsabimana,Kevin De Bruyne,1,4,2023,NA
Elia Gorini,Kylian Mbappé,1,4,2023,NA
Sultan Almohawes,Victor Osimhen,1,4,2023,NA
Scott Mcdermott,İlkay Gündoğan,1,4,2023,NA
Thierno Souleymane Diallo,Victor Osimhen,1,4,2023,NA
Milan Rasevic,Kylian Mbappé,1,4,2023,NA
Gerard Leonard Govinden,Kylian Mbappé,1,4,2023,NA
Sahr Morris Jr,İlkay Gündoğan,1,4,2023,NA
David Lee,Kylian Mbappé,1,4,2023,NA
Michal Zeman,Lionel Messi,1,4,2023,NA
Anze Baselj,Erling Haaland,1,4,2023,NA
Crofton Utukana,Kevin De Bruyne,1,4,2023,NA
Gamadiid Guurre,Lionel Messi,1,4,2023,NA
Robert Marawa,Lionel Messi,1,4,2023,NA
Juan Ignacio Gallardo,Lionel Messi,1,4,2023,NA
Neville Victor Anthony,Kevin De Bruyne,1,4,2023,NA
Terry Finisterre,Kylian Mbappé,1,4,2023,NA
Mohamed Elkhatim,Erling Haaland,1,4,2023,NA
Desney Romeo,Kevin De Bruyne,1,4,2023,NA
Simon Bank,Kylian Mbappé,1,4,2023,NA
Tobias Wedermann,Kevin De Bruyne,1,4,2023,NA
Olivier Huc,Lionel Messi,1,4,2023,NA
Faridun Saliev,Lionel Messi,1,4,2023,NA
Saleh Ally Saleh,Victor Osimhen,1,4,2023,NA
Baboucarr Camara,Lionel Messi,1,4,2023,NA
Guedes Jose,Kevin De Bruyne,1,4,2023,NA
Kodjo Sedem Gounoubou,Victor Osimhen,1,4,2023,NA
Ian Prescott,Kevin De Bruyne,1,4,2023,NA
Tarek Ghdiri,Victor Osimhen,1,4,2023,NA
Mehmet Arslan,İlkay Gündoğan,1,4,2023,NA
Alexander Vershinin,Bernardo Silva,1,4,2023,NA
Faizool Deo,Declan Rice,1,4,2023,NA
Mayamba Stephen,Kevin De Bruyne,1,4,2023,NA
Valerii Novobranets,Rodri,1,4,2023,NA
Omran Mohamed,Rodri,1,4,2023,NA
Rómulo Martínez Chenlo,Declan Rice,1,4,2023,NA
Bill Kiser,Kylian Mbappé,1,4,2023,NA
Douglas Mcintyre,Kylian Mbappé,1,4,2023,NA
Davron Fayziev,Kylian Mbappé,1,4,2023,NA
Harry Atisson,Kylian Mbappé,1,4,2023,NA
Humberto Perozo Suárez,Kevin De Bruyne,1,4,2023,NA
Minh Viet Nguyen,Kevin De Bruyne,1,4,2023,NA
Paul Abbandonato,Victor Osimhen,1,4,2023,NA
Basheer Senan,Khvicha Kvaratskhelia,1,4,2023,NA
Elias Chipepo,Kylian Mbappé,1,4,2023,NA
Sikhumbuzo Moyo,Kevin De Bruyne,1,4,2023,NA
Sharif Mukhammad,Lamine Yamal,5,4,2024,NA
Berat Djimsiti,Toni Kroos,5,4,2024,NA
Riyad Mahrez,Rodri,5,4,2024,NA
Felise Fata,Lamine Yamal,5,4,2024,NA
Alfredo Ribeiro,Vinícius Jr,5,4,2024,NA
Germain Hughes,Lionel Messi,5,4,2024,NA
Quinton Griffith,Federico Valverde,5,4,2024,NA
Lionel Messi,Lamine Yamal,5,4,2024,NA
Varazdat Haroyan,Rodri,5,4,2024,NA
Matthew Robert Lentink,Toni Kroos,5,4,2024,NA
Mathew Ryan,Vinícius Jr,5,4,2024,NA
David Alaba,Vinícius Jr,5,2,2024,NA
Badavi Guseynov,Vinícius Jr,5,4,2024,NA
Leslie St. Fleur,Lamine Yamal,5,4,2024,NA
Sayed Mohamed Abbas,Vinícius Jr,5,4,2024,NA
Sohel Rana,Lionel Messi,5,4,2024,NA
Andre Applewhaite,Dani Carvajal,5,4,2024,NA
Alexandr Martynovich,Rodri,5,4,2024,NA
Charles Tillett,Vinícius Jr,5,4,2024,NA
Steve Mounie,Vinícius Jr,5,4,2024,NA
Dale Eve,Dani Carvajal,5,4,2024,NA
Nima Wangdi,Vinícius Jr,5,4,2024,NA
Luis Fernando Haquin Lopez,Vinícius Jr,5,4,2024,NA
Edin Dzeko,Rodri,5,4,2024,NA
Thatayaone Ditlhokwe,Lamine Yamal,5,4,2024,NA
Danilo Luiz Da Silva,Vinícius Jr,5,1,2024,NA
Kavon Caesar,Vinícius Jr,5,4,2024,NA
Muhammad Azwan Ali Rahman,Lamine Yamal,5,4,2024,NA
Kiril Despodov,Vinícius Jr,5,4,2024,NA
Bertrand Traoré,Vinícius Jr,5,4,2024,NA
Saidi Ntibazonikza,Vinícius Jr,5,4,2024,NA
Ryan Mendes,Vinícius Jr,5,4,2024,NA
Mohammed Khan,Vinícius Jr,5,4,2024,NA
Vincent Aboubakar,Vinícius Jr,5,4,2024,NA
Alphonso Davies,Vinícius Jr,5,4,2024,NA
Dandre Rowe,Rodri,5,4,2024,NA
Sadock Ndobe,Vinícius Jr,5,4,2024,NA
Ahmat Abdramane,Vinícius Jr,5,4,2024,NA
Arturo Erasmo Vidal Pardo,Lionel Messi,5,4,2024,NA
Wang Dalei,Jude Bellingham,5,4,2024,NA
Po Liang Chen,Rodri,5,4,2024,NA
James Rodríguez,Vinícius Jr,5,4,2024,NA
Youssouf Mchangama,Vinícius Jr,5,4,2024,NA
Silvere Ganvoula Mboussy,Jude Bellingham,5,4,2024,NA
Chancel Mbemba,Kylian Mbappé,5,4,2024,NA
Thane Beal,Vinícius Jr,5,4,2024,NA
Francisco Calvo,Dani Carvajal,5,4,2024,NA
Franck Kessié,Vinícius Jr,5,4,2024,NA
Luka Modric,Vinícius Jr,5,2,2024,NA
Luis Javier Paradela Diaz,Vinícius Jr,5,4,2024,NA
Eloy Room,Vinícius Jr,5,4,2024,NA
Kostakis Artymatas,Vinícius Jr,5,4,2024,NA
Tomas Soucek,Rodri,5,4,2024,NA
Pierre Emile Højbjerg,Erling Haaland,5,4,2024,NA
Hamze Abdi Idleh,Vinícius Jr,5,4,2024,NA
Glenson Prince,Vinícius Jr,5,4,2024,NA
Jean Carlos López Moscoso,Vinícius Jr,5,4,2024,NA
Enner Valencia,Vinícius Jr,5,4,2024,NA
Mohamed Salah,Vinícius Jr,5,4,2024,NA
Nelson Bonilla,Rodri,5,4,2024,NA
Harry Kane,Rodri,5,4,2024,NA
Carlos Akapo Martinez,Dani Carvajal,5,4,2024,NA
Karol Mets,Jude Bellingham,5,4,2024,NA
Sifiso Samu Matse,Toni Kroos,5,4,2024,NA
Yared Bayeh Belay,Vinícius Jr,5,4,2024,NA
Hallur Hansson,Vinícius Jr,5,4,2024,NA
Roy Krishna,Lionel Messi,5,4,2024,NA
Lukas Hradecky,Florian Wirtz,5,2,2024,NA
Bruno Ecuele Manga,Vinícius Jr,5,4,2024,NA
Omar Colley,Vinícius Jr,5,4,2024,NA
Guram Kashia,Rodri,5,4,2024,NA
Joshua Kimmich,Rodri,5,4,2024,NA
Liam Walker,Lionel Messi,5,4,2024,NA
Anastasios Bakasetas,Rodri,5,4,2024,NA
Aaron Pierre,Vinícius Jr,5,4,2024,NA
Jason Ryan Quitugua Cunliffe,Rodri,5,4,2024,NA
José Carlos Pinto Samayoa,Dani Carvajal,5,4,2024,NA
Issiagia Sylla,Vinícius Jr,5,4,2024,NA
Mama Balde,Vinícius Jr,5,4,2024,NA
Antony Lozano,Lamine Yamal,5,4,2024,NA
Hung Fai Yapp,Rodri,5,4,2024,NA
Johann Gudmundsson,Rodri,5,4,2024,NA
Sandesh Jhingan,Rodri,5,4,2024,NA
Jay Idzes,Vinícius Jr,5,4,2024,NA
Alireza Jahanbakhsh,Vinícius Jr,5,4,2024,NA
Jalal Hassan ,Vinícius Jr,5,4,2024,NA
Eliezer Dasa,Vinícius Jr,5,4,2024,NA
Gianluigi Donnarumma,Lionel Messi,5,4,2024,NA
Andre Blake,Rodri,5,4,2024,NA
Wataru Endo,Jude Bellingham,5,4,2024,NA
Ehsan Haddad,Vinícius Jr,5,4,2024,NA
Ashkat Tagybergen,Jude Bellingham,5,4,2024,NA
Michael Olunga Ogada,Vinícius Jr,5,4,2024,NA
Heung Min Son,Rodri,5,4,2024,NA
Amir Rrahmani,Vinícius Jr,5,4,2024,NA
Khaled Al Rashidi,Vinícius Jr,5,4,2024,NA
Kichin Valerii,Dani Carvajal,5,4,2024,NA
Bounphachan Bounkong,Lionel Messi,5,4,2024,NA
Kristers Tobers,Vinícius Jr,5,4,2024,NA
Mohamad Haidar,Vinícius Jr,5,4,2024,NA
Sekhoane Benedict Moerane,Lionel Messi,5,4,2024,NA
Nicolas Hasler,Rodri,5,4,2024,NA
Fedor Cernych,Rodri,5,4,2024,NA
Laurent Jans,Rodri,5,4,2024,NA
Chan Man,Toni Kroos,5,4,2024,NA
Ibrahim Samuel Amada,Vinícius Jr,5,4,2024,NA
John Banda,Vinícius Jr,5,4,2024,NA
Dion Johan Cools,Rodri,5,4,2024,NA
Ali Samooh,Vinícius Jr,5,4,2024,NA
Yves Bissouma,Vinícius Jr,5,4,2024,NA
Steve Borg,Lionel Messi,5,4,2024,NA
Yaly Mohamed Dellah,Vinícius Jr,5,4,2024,NA
Lindsay Rose,Dani Carvajal,5,4,2024,NA
Edson Omar Alvarez Velazquez,Vinícius Jr,5,4,2024,NA
Rata Vadim,Rodri,5,4,2024,NA
Tsendayush Khurelbaatar,Rodri,5,4,2024,NA
Stevan Jovetic,Vinícius Jr,5,4,2024,NA
Alex James Dyer,Rodri,5,4,2024,NA
Achraf Hakimi,Kylian Mbappé,5,4,2024,NA
Lwin Maung Maung,Vinícius Jr,5,4,2024,NA
Riaan Hanamub,Vinícius Jr,5,4,2024,NA
Kiran Limbu Chemjong,Jude Bellingham,5,4,2024,NA
Virgil Van Dijk,Vinícius Jr,5,4,2024,NA
Morgan Mathelon,Rodri,5,4,2024,NA
Chris Wood,Rodri,5,4,2024,NA
Juan Barrera,Vinícius Jr,5,4,2024,NA
Youssouf Oumarou,Vinícius Jr,5,4,2024,NA
William Ekong,Jude Bellingham,5,4,2024,NA
Enis Bardhi,Rodri,5,4,2024,NA
Paddy Mcnair,Rodri,5,4,2024,NA
Martin Odegaard,Vinícius Jr,5,4,2024,NA
Mohammed Al Musallami,Vinícius Jr,5,4,2024,NA
Abdullah Iqbal,Rodri,5,4,2024,NA
Musab Battat,Vinícius Jr,5,4,2024,NA
Anibal Godoy,Vinícius Jr,5,4,2024,NA
Garem Alwin Komolong,Rodri,5,4,2024,NA
Gustavo Gomez,Vinícius Jr,5,4,2024,NA
Paolo Guerrero,Vinícius Jr,5,4,2024,NA
Amani Aguinaldo,Rodri,5,4,2024,NA
Robert Lewandowski,Rodri,5,4,2024,NA
Bernardo Silva,Rodri,5,2,2024,NA
Leandro Antonetti,Vinícius Jr,5,4,2024,NA
Akram Afif,Vinícius Jr,5,4,2024,NA
Seamus Coleman,Rodri,5,4,2024,NA
Nicolae Stanciu,Toni Kroos,5,4,2024,NA
Aleksandr Golovin,Toni Kroos,5,4,2024,NA
Djihad Bizimana ,Rodri,5,4,2024,NA
Andrew Setefano,Lionel Messi,5,4,2024,NA
Matteo Vitaioli,Vinícius Jr,5,4,2024,NA
Luis Anjos,Vinícius Jr,5,4,2024,NA
Salem Aldawsari,Rodri,5,4,2024,NA
Kalidou Koulibaly,Vinícius Jr,5,4,2024,NA
Aleksandar Mitrovic,Vinícius Jr,5,4,2024,NA
Elie Nelson Jr Sopha,Lamine Yamal,5,4,2024,NA
Mustapha Bundu,Vinícius Jr,5,4,2024,NA
Hariss Harun,Rodri,5,4,2024,NA
Milan Škriniar,Kylian Mbappé,5,4,2024,NA
Jan Oblak,Rodri,5,4,2024,NA
Javin Alick,Lionel Messi,5,4,2024,NA
Abdulsamed Abdullahi,Vinícius Jr,5,4,2024,NA
Ronwen Williams,Rodri,5,4,2024,NA
Peter Mabok,Vinícius Jr,5,4,2024,NA
Alvaro Morata Martin,Dani Carvajal,5,1,2024,NA
Sujan Perera,Vinícius Jr,5,4,2024,NA
Julani Archibald,Dani Carvajal,5,4,2024,NA
Oalex Anderson,Vinícius Jr,5,4,2024,NA
Victor Lindelof,Rodri,5,4,2024,NA
Granit Xhaka,Florian Wirtz,5,2,2024,NA
Teaonui Tehau,Lionel Messi,5,4,2024,NA
Akhtam Nazarov,Dani Carvajal,5,4,2024,NA
Mbwana Ally Samatta,Rodri,5,4,2024,NA
Chanathip Songkrasin,Lamine Yamal,5,4,2024,NA
Gali Freitas,Dani Carvajal,5,4,2024,NA
Dakonam Ortega Djene,Vinícius Jr,5,4,2024,NA
Hemaloto Polovili,Dani Carvajal,5,4,2024,NA
Aubrey David,Vinícius Jr,5,4,2024,NA
Ali Abdi,Lionel Messi,5,4,2024,NA
Hakan Calhanoglu,Toni Kroos,5,4,2024,NA
Arslanmyrat Amanov,Dani Carvajal,5,4,2024,NA
Billy Forbes,Vinícius Jr,5,4,2024,NA
Aucho Khalid,Vinícius Jr,5,4,2024,NA
Mykola Matvienko,Rodri,5,4,2024,NA
Ali Khaseif,Vinícius Jr,5,4,2024,NA
Jose Gimenez,Federico Valverde,5,1,2024,NA
Terrence Jones,Rodri,5,4,2024,NA
Tim Ream,Rodri,5,4,2024,NA
Eldor Shomurodov,Lamine Yamal,5,4,2024,NA
Brian Kaltak,Jude Bellingham,5,4,2024,NA
Tomas Rincon,Vinícius Jr,5,4,2024,NA
Manh Do,Rodri,5,4,2024,NA
Aaron Ramsey,Vinícius Jr,5,4,2024,NA
Abdulwasea Al-Matari,Vinícius Jr,5,4,2024,NA
Lubambo Musonda,Vinícius Jr,5,4,2024,NA
Usmon Toshev,Vinícius Jr,5,4,2024,NA
Sylvio Mendes Campos,Vinícius Jr,5,4,2024,NA
Vladimir Petkovic,Rodri,5,4,2024,NA
Koldo Alvarez De Eulate,Rodri,5,4,2024,NA
Pedro Valdemar Soares Gonçalves,Rodri,5,4,2024,NA
Mikele Leigertwood,Jude Bellingham,5,4,2024,NA
Lionel Scaloni,Lionel Messi,5,1,2024,NA
Suren Chakhalyan,Rodri,5,4,2024,NA
Marvic Bermudez,Rodri,5,4,2024,NA
Tony Popovic,Vinícius Jr,5,4,2024,NA
Ralf Rangnick,Rodri,5,4,2024,NA
Fernando Santos,Lamine Yamal,5,4,2024,NA
Nesly Jean,Vinícius Jr,5,4,2024,NA
Dragan Talajic,Vinícius Jr,5,4,2024,NA
Javier Cabrera,Rodri,5,4,2024,NA
Kent Edward Hall,Jude Bellingham,5,4,2024,NA
Carlos Alos Ferrer,Rodri,5,4,2024,NA
Domenico Tedesco,Lamine Yamal,5,4,2024,NA
Carlos Slusher,Vinícius Jr,5,4,2024,NA
Gernot Rohr,Vinícius Jr,5,4,2024,NA
Michael Findlay,Rodri,5,4,2024,NA
Atsushi Nakamura,Lamine Yamal,5,4,2024,NA
Oscar Villegas,Vinícius Jr,5,4,2024,NA
Sergej Barbarez,Lamine Yamal,5,4,2024,NA
Morena Ramoreboli,Vinícius Jr,5,1,2024,NA
Dorival Silvestre Júnior,Vinícius Jr,5,1,2024,NA
Vinicius Eutropio,Vinícius Jr,5,4,2024,NA
Ilian Iliev,Dani Carvajal,5,4,2024,NA
Brama Traoré,Vinícius Jr,5,4,2024,NA
Patrick Sangwa,Toni Kroos,5,4,2024,NA
Pedro Leitão Brito,Rodri,5,4,2024,NA
Koji Gyotoku,Lionel Messi,5,4,2024,NA
Martin Felix Ndtoungou Mpile,Vinícius Jr,5,4,2024,NA
Jesse Marsch,Erling Haaland,5,4,2024,NA
Joey Mark Jap Tjong,Lamine Yamal,5,4,2024,NA
Eloge Enza-Yamissi,Vinícius Jr,5,4,2024,NA
Djimtan Yamtamadji,Dani Carvajal,5,4,2024,NA
Ricardo Alberto Gareca,Lionel Messi,5,4,2024,NA
Branko Ivankovic,Vinícius Jr,5,4,2024,NA
Gary White,Rodri,5,4,2024,NA
Néstor Lorenzo,Lionel Messi,5,4,2024,NA
Stefano Cusin,Rodri,5,4,2024,NA
Barthélémy Ngastono,Vinícius Jr,5,4,2024,NA
Sébastien Desabre,Vinícius Jr,5,4,2024,NA
Tuka Tisam,Lionel Messi,5,4,2024,NA
Paulo Wanchope,Dani Carvajal,5,4,2024,NA
Emerse Fae,Vinícius Jr,5,4,2024,NA
Yunielys Castillo Carmenate,Dani Carvajal,5,4,2024,NA
Sofronis Avgousti,Dani Carvajal,5,4,2024,NA
Ivan Hasek,Rodri,5,4,2024,NA
Brian Riemer,Rodri,5,4,2024,NA
Abdirahman Okieh Hadi,Vinícius Jr,5,4,2024,NA
Marcelo Neveleff,Lionel Messi,5,4,2024,NA
Sebastián Beccacece,Lionel Messi,5,4,2024,NA
Hossam Hassan,Rodri,5,4,2024,NA
David Dóniga Lara,Lamine Yamal,5,4,2024,NA
Lee Carsley,Jude Bellingham,5,1,2024,NA
Juan Micha Obiang Bicogo,Dani Carvajal,5,4,2024,NA
Jürgen Henn,Rodri,5,4,2024,NA
Zdravko Logarusic,Vinícius Jr,5,4,2024,NA
Messay Teferi,Rodri,5,4,2024,NA
Eydun Klakstein,Rodri,5,4,2024,NA
Sherman Rob,Lionel Messi,5,4,2024,NA
Markku Kanerva,Rodri,5,4,2024,NA
Didier Deschamps,Vinícius Jr,5,4,2024,NA
Thierry Mouyouma,Rodri,5,4,2024,NA
Johnathan Mckinstry,Vinícius Jr,5,4,2024,NA
Willy Sagnol,Rodri,5,4,2024,NA
Julian Nagelsmann,Florian Wirtz,5,1,2024,NA
Nana Otto Addo,Rodri,5,4,2024,NA
Julio Ribas,Vinícius Jr,5,4,2024,NA
Ivan Jovanovic,Rodri,5,4,2024,NA
Ross Awa,Rodri,5,4,2024,NA
Luis Fernando Tena Garduño,Dani Carvajal,5,4,2024,NA
Michel Dussuyer,Rodri,5,4,2024,NA
Luis Boa Morte,Vinícius Jr,5,4,2024,NA
Wayne Dover,Vinícius Jr,5,4,2024,NA
Sébastien Migné,Rodri,5,4,2024,NA
Reinaldo Rueda Rivera,Vinícius Jr,5,4,2024,NA
Ashley Westwood,Vinícius Jr,5,4,2024,NA
Marco Rossi,Vinícius Jr,5,4,2024,NA
David Snorri Jonasson,Rodri,5,4,2024,NA
Manolo Márquez,Rodri,5,4,2024,NA
Taeyong Shin,Kylian Mbappé,5,4,2024,NA
Ardeshir Ghalehnoy,Lamine Yamal,5,4,2024,NA
Jesus Casas,Lamine Yamal,5,4,2024,NA
Ran Ben Simon,Rodri,5,4,2024,NA
Luciano Spalletti,Toni Kroos,5,4,2024,NA
Stephen Mcclaren,Jude Bellingham,5,4,2024,NA
Hajime Moriyasu,Rodri,5,4,2024,NA
Jamal Sellami,Dani Carvajal,5,4,2024,NA
Cherchesov Stanislav,Vinícius Jr,5,4,2024,NA
Engin Firat,Vinícius Jr,5,4,2024,NA
Yong Nam Sin,Lionel Messi,5,4,2024,NA
Myung Bo Hong,Rodri,5,4,2024,NA
Franco Foda,Rodri,5,4,2024,NA
Juan Antonio Pizzi,Lionel Messi,5,4,2024,NA
Maksim Lisitsyn,Rodri,5,4,2024,NA
Hyeok-Jun Ha,Kylian Mbappé,5,4,2024,NA
Paolo Nicolato,Toni Kroos,5,4,2024,NA
Miodrag Radulovic,Vinícius Jr,5,4,2024,NA
Leslie Makhetha Notsi,Rodri,5,4,2024,NA
Thomas S. Kojo,Vinícius Jr,5,4,2024,NA
Abubaker Alherk,Jude Bellingham,5,4,2024,NA
Konrad Fünfstück,Kylian Mbappé,5,4,2024,NA
Edgaras Jankauskas,Rodri,5,4,2024,NA
Luc Holtz,Rodri,5,4,2024,NA
Kar Lok Kenneth Kwok,Rodri,5,4,2024,NA
Romuald Felix Rakotondrabe,Jude Bellingham,5,4,2024,NA
Kalisto Pasuwa,Vinícius Jr,5,4,2024,NA
Pau Marti Vicente,Lionel Messi,5,4,2024,NA
Ali Suzain,Vinícius Jr,5,4,2024,NA
Tom Saintfiet,Lamine Yamal,5,4,2024,NA
Davide Mazzotta,Lamine Yamal,5,4,2024,NA
Aritz López Garay,Rodri,5,4,2024,NA
Guillaume Moullec,Toni Kroos,5,4,2024,NA
Javier Aguirre,Lionel Messi,5,4,2024,NA
Serghei Clescenco,Vinícius Jr,5,4,2024,NA
Garidmagnai Bayasgalan,Rodri,5,4,2024,NA
Robert Prosinecki,Vinícius Jr,5,4,2024,NA
Walid Regragui,Vinícius Jr,5,4,2024,NA
Francisco Queriol Conde Junior,Vinícius Jr,5,4,2024,NA
Myo Hlaing Win,Lionel Messi,5,4,2024,NA
Collin Benjamin,Rodri,5,4,2024,NA
Nabin Neupane,Rodri,5,4,2024,NA
Ronald Koeman,Rodri,5,4,2024,NA
Johan Sidaner,Rodri,5,4,2024,NA
Darren Bazeley,Rodri,5,4,2024,NA
Marco Antonio Figueroa Montero,Rodri,5,4,2024,NA
Zakariaou Ibrahim,Rodri,5,4,2024,NA
Augustine Owen Eguavoen,Lionel Messi,5,4,2024,NA
Blagoja Milevski,Dani Carvajal,5,4,2024,NA
Ståle Solbakken,Rodri,5,4,2024,NA
Wael Elseisi,Vinícius Jr,5,4,2024,NA
Stephen Constantine,Erling Haaland,5,4,2024,NA
Makram Daboub,Vinícius Jr,5,4,2024,NA
Thomas Christiansen,Rodri,5,4,2024,NA
Felipe Vega Arango Alonso,Dani Carvajal,5,4,2024,NA
Gustavo Alfaro,Toni Kroos,5,4,2024,NA
Jorge Daniel Fossati Lurachi,Toni Kroos,5,4,2024,NA
Albert Capellas Herms,Lamine Yamal,5,4,2024,NA
Michał Probierz,Toni Kroos,5,4,2024,NA
Roberto Martinez,Dani Carvajal,5,4,2024,NA
Charlie Trout,Rodri,5,4,2024,NA
Luis Garcia,Toni Kroos,5,4,2024,NA
Heimir Hallgrimsson,Rodri,5,4,2024,NA
Mircea Lucescu,Vinícius Jr,5,4,2024,NA
Jimmy Mulisa,Dani Carvajal,5,4,2024,NA
Jess Ibrom,Rodri,5,4,2024,NA
Roberto Cevoli,Toni Kroos,5,4,2024,NA
Ricardo Monsanto,Jude Bellingham,5,4,2024,NA
Herve Renard,Vinícius Jr,5,4,2024,NA
Steve Clarke,Rodri,5,4,2024,NA
Pape Bouna Thiaw,Vinícius Jr,5,4,2024,NA
Dragan Stojkovic,Rodri,5,4,2024,NA
Ralph Jean-Louis,Rodri,5,4,2024,NA
Amidu Karim,Vinícius Jr,5,4,2024,NA
Tsutomu Ogura,Lamine Yamal,5,4,2024,NA
Francesco Calzona,Vinícius Jr,5,4,2024,NA
Matjaž Kek,Rodri,5,4,2024,NA
Josh Smith,Jude Bellingham,5,4,2024,NA
Yusuf Ali,Vinícius Jr,5,4,2024,NA
Hugo Broos,Rodri,5,4,2024,NA
Nicolas Dupuis,Vinícius Jr,5,4,2024,NA
Luis De La Fuente Castillo,Dani Carvajal,5,1,2024,NA
Abdullah Almutairi,Vinícius Jr,5,4,2024,NA
Stern John,Erling Haaland,5,4,2024,NA
Ezra Hendrickson,Vinícius Jr,5,4,2024,NA
Stanley Menzo,Vinícius Jr,5,4,2024,NA
Jon Dahl Tomasson,Rodri,5,4,2024,NA
Murat Yakin,Florian Wirtz,5,4,2024,NA
Jose Lana Fernández,Dani Carvajal,5,4,2024,NA
Samuel Garcia,Vinícius Jr,5,4,2024,NA
Gela Shekiladze,Rodri,5,4,2024,NA
Hemed Ali,Kylian Mbappé,5,4,2024,NA
Masatada Ishii,Rodri,5,4,2024,NA
Simon Elissetche,Federico Valverde,5,4,2024,NA
Dare Nibombe,Jude Bellingham,5,4,2024,NA
Kilifi Solia Uele,Lionel Messi,5,4,2024,NA
Yaakoubi Kays,Vinícius Jr,5,4,2024,NA
Vincenzo Montella,Toni Kroos,5,4,2024,NA
Mergen Orazov,Toni Kroos,5,4,2024,NA
Aaron Lawrence,Dani Carvajal,5,4,2024,NA
Paul Put,Jude Bellingham,5,4,2024,NA
Serhii Rebrov,Rodri,5,4,2024,NA
Paulo Jorge Gomes Bento,Rodri,5,4,2024,NA
Marcelo Bielsa,Lionel Messi,5,4,2024,NA
Terrence Jones,Rodri,5,4,2024,NA
Mauricio Pochettino,Lionel Messi,5,4,2024,NA
Srecko Katanec,Dani Carvajal,5,4,2024,NA
Juliano Antonio Schmeling,Vinícius Jr,5,4,2024,NA
Fernando Batista,Rodri,5,4,2024,NA
Sang Sik Kim,Lionel Messi,5,4,2024,NA
Craig Bellamy,Rodri,5,4,2024,NA
Noureddine Ouldali,Vinícius Jr,5,4,2024,NA
Michael Nees,Vinícius Jr,5,4,2024,NA
Sayer Zaland,Lamine Yamal,5,4,2024,NA
Endi Tufa,Jude Bellingham,5,4,2024,NA
Mohammed Rachid Belarbi,Vinícius Jr,5,4,2024,NA
Victor Duaso Saludas,Rodri,5,4,2024,NA
Geraldo Quiala,Dani Carvajal,5,4,2024,NA
Claudio Mauri,Rodri,5,4,2024,NA
Robert Gasparyan,Dani Carvajal,5,4,2024,NA
Simon Hill,Rodri,5,4,2024,NA
Stefan Grüneis,Rodri,5,4,2024,NA
Rasim Mövsümov,Vinícius Jr,5,4,2024,NA
Abdulla Ashoor,Vinícius Jr,5,4,2024,NA
Raihan Al Magni,Rodri,5,4,2024,NA
Anmar Goodridge Boyce,Vinícius Jr,5,4,2024,NA
Sergey Nikolaev,Rodri,5,4,2024,NA
Kristof Terreur,Rodri,5,4,2024,NA
Senankpon Perez Lekotan,Vinícius Jr,5,4,2024,NA
Namgay Zam,Vinícius Jr,5,4,2024,NA
Rainer Durán Urquizu,Kylian Mbappé,5,4,2024,NA
Emir Delić,Jude Bellingham,5,4,2024,NA
Carlos Eduardo Mansur,Vinícius Jr,5,1,2024,NA
Boyan Boychev,Rodri,5,4,2024,NA
Siriki Dramé,Dani Carvajal,5,4,2024,NA
Liliane Nshimirimana,Jude Bellingham,5,4,2024,NA
Simao Rodrigues,Vinícius Jr,5,4,2024,NA
Chamroeun Ung,Vinícius Jr,5,4,2024,NA
Angu Lesley Ngwa Akonwi,Rodri,5,4,2024,NA
Neil Davidson,Rodri,5,4,2024,NA
Raymon Singh,Lamine Yamal,5,4,2024,NA
Bienvenu Elie Gbelo,Vinícius Jr,5,4,2024,NA
Salahadine Mahamat Sabour,Vinícius Jr,5,4,2024,NA
Danilo Díaz,Rodri,5,4,2024,NA
Dexing Ma,Vinícius Jr,5,4,2024,NA
Chihwei Hung,Dani Carvajal,5,4,2024,NA
Diego Rueda ,Rodri,5,4,2024,NA
Djouma Elie-Dine,Vinícius Jr,5,4,2024,NA
Emmanuel Kaba,Lionel Messi,5,4,2024,NA
Michel Tobo,Jude Bellingham,5,4,2024,NA
Rashneel Kumar Madhur,Vinícius Jr,5,4,2024,NA
David Goldberg,Rodri,5,4,2024,NA
Magloire Gnae Oulidehi,Vinícius Jr,5,4,2024,NA
Robert Matteoni,Rodri,5,4,2024,NA
Yasiel Cancio,Vinícius Jr,5,4,2024,NA
Carl Ruiter,Rodri,5,4,2024,NA
Andreas Violaris,Rodri,5,4,2024,NA
Jan Palička,Rodri,5,4,2024,NA
Klaus Egelund,Rodri,5,4,2024,NA
Yacin Ahmed Moussa,Vinícius Jr,5,4,2024,NA
Garvin Richards,Rodri,5,4,2024,NA
Jorge Bauger,Erling Haaland,5,4,2024,NA
Tito Rosales Cox,Rodri,5,4,2024,NA
Hady Elmadany,Vinícius Jr,5,4,2024,NA
Gabriel Campos,Vinícius Jr,5,4,2024,NA
John Cross,Rodri,5,4,2024,NA
Michael Seium,Vinícius Jr,5,4,2024,NA
Aet Suvari,Rodri,5,4,2024,NA
Hussen Abdulkeni,Rodri,5,4,2024,NA
Símun Christian Olsen,Rodri,5,4,2024,NA
Indra Singh,Rodri,5,4,2024,NA
Ari Virtanen,Vinícius Jr,5,4,2024,NA
Cyrille De La Morinerie,Vinícius Jr,5,4,2024,NA
Pablo Moussodji Ngoma,Vinícius Jr,5,4,2024,NA
Baboucarr Camara,Vinícius Jr,5,4,2024,NA
Mamuka Kvaratskhelia,Vinícius Jr,5,4,2024,NA
Georg Holzner,Rodri,5,4,2024,NA
Gary Al Smith,Vinícius Jr,5,4,2024,NA
Stephen Ignacio,Erling Haaland,5,4,2024,NA
Nikolaos Kotsis,Rodri,5,4,2024,NA
Michael Bascombe,Dani Carvajal,5,4,2024,NA
Joseph Santo Tomas,Jude Bellingham,5,4,2024,NA
Carlos Marín Noriega,Jude Bellingham,5,4,2024,NA
Alpha Mady Touré,Dani Carvajal,5,4,2024,NA
Sene Camara,Dani Carvajal,5,4,2024,NA
Rawle Toney,Vinícius Jr,5,4,2024,NA
Lutherson Leon,Vinícius Jr,5,4,2024,NA
Gonzalo Carias,Vinícius Jr,5,4,2024,NA
Ho Yin Kwok,Rodri,5,4,2024,NA
György Szöllösi,Dani Carvajal,5,4,2024,NA
Vidir Sigurdsson,Rodri,5,4,2024,NA
Dhiman Sarkar,Rodri,5,4,2024,NA
Triono Subagyo,Vinícius Jr,5,4,2024,NA
Masoud Hossein,Vinícius Jr,5,4,2024,NA
Arshed Alsaedi,Vinícius Jr,5,4,2024,NA
Uri Dagon,Vinícius Jr,5,4,2024,NA
Pierluigi Pardo,Rodri,5,4,2024,NA
Brian Lewis,Vinícius Jr,5,4,2024,NA
Hideo Tamaru,Rodri,5,4,2024,NA
Taiser Alomiri,Vinícius Jr,5,4,2024,NA
Geniy Tulegenov,Dani Carvajal,5,4,2024,NA
Eric Njiru,Rodri,5,4,2024,NA
Gun Lee,Rodri,5,4,2024,NA
Valon Konushevci,Vinícius Jr,5,4,2024,NA
Abdulaziz Jassim,Vinícius Jr,5,4,2024,NA
Bakyt Shukuraliev,Dani Carvajal,5,4,2024,NA
Ekasanh Thipphachack,Rodri,5,4,2024,NA
Ilvars Koscinkevics,Rodri,5,4,2024,NA
Mike Chalhoub,Vinícius Jr,5,4,2024,NA
Moorosi Simon Tsiane,Rodri,5,4,2024,NA
Anthony Kokoi,Vinícius Jr,5,4,2024,NA
Haithem Elamari,Vinícius Jr,5,4,2024,NA
Jan Stärker,Jude Bellingham,5,4,2024,NA
Mindaugas Augustis,Rodri,5,4,2024,NA
Petz Lahure,Rodri,5,4,2024,NA
Pedro Maia,Rodri,5,4,2024,NA
Ajitpal Singh Dhaliwal,Rodri,5,4,2024,NA
Shimaaz Ali,Vinícius Jr,5,4,2024,NA
Boubacar Diakite,Rodri,5,4,2024,NA
Domenic Aquilina,Erling Haaland,5,4,2024,NA
Brahim Sow Deïna,Vinícius Jr,5,4,2024,NA
Francisco Javier González,Vinícius Jr,5,4,2024,NA
Alex Fosa,Vinícius Jr,5,4,2024,NA
Enkhtuvshin Tserensodnom,Erling Haaland,5,4,2024,NA
Danilo Mitrovic,Rodri,5,4,2024,NA
Jalal Bouzrara,Vinícius Jr,5,4,2024,NA
João Arnaldo Carlija Chivale,Dani Carvajal,5,4,2024,NA
Bikram Thapa,Vinícius Jr,5,4,2024,NA
Jaap De Groot,Rodri,5,4,2024,NA
Martin Charmasson,Rodri,5,4,2024,NA
Michael Burgess,Rodri,5,4,2024,NA
Jose Nectali Mora Zeledon,Rodri,5,4,2024,NA
Abdel Malik Koudizé,Dani Carvajal,5,4,2024,NA
Oluwashina Okeleji,Vinícius Jr,5,4,2024,NA
Mijalche Durgutov,Vinícius Jr,5,4,2024,NA
Mark Mcintosh,Dani Carvajal,5,4,2024,NA
Morten Pedersen,Rodri,5,4,2024,NA
Ashok Purohit,Vinícius Jr,5,4,2024,NA
Majdi Qasem,Rodri,5,4,2024,NA
David Samudio Garay,Rodri,5,4,2024,NA
Patricia Keamo,Rodri,5,4,2024,NA
Edgar Cantero,Vinícius Jr,5,4,2024,NA
Pedro Eduardo Canelo Quispe,Rodri,5,4,2024,NA
Ryan Fenix,Rodri,5,4,2024,NA
Michal Pol,Dani Carvajal,5,4,2024,NA
Vítor Serpa,Rodri,5,4,2024,NA
Esteban Pagán Rivera,Vinícius Jr,5,4,2024,NA
Ali Almslmani,Vinícius Jr,5,4,2024,NA
Philip Quinn,Rodri,5,4,2024,NA
Theodor Jumatate,Vinícius Jr,5,4,2024,NA
Oleg Koshelev,Rodri,5,4,2024,NA
Eddie Nsabimana,Vinícius Jr,5,4,2024,NA
Vaelei Von Dincklage,Lionel Messi,5,4,2024,NA
Elia Gorini,Vinícius Jr,5,4,2024,NA
Suahills Dende,Lionel Messi,5,4,2024,NA
Sultan Almohawes,Vinícius Jr,5,4,2024,NA
Scott Mcdermott,Rodri,5,4,2024,NA
Thierno Souleymane Diallo,Vinícius Jr,5,4,2024,NA
Milan Rasevic,Rodri,5,4,2024,NA
Sahr Morris Jr,Jude Bellingham,5,4,2024,NA
David Lee,Vinícius Jr,5,4,2024,NA
Michal Zeman,Vinícius Jr,5,4,2024,NA
Anze Baselj,Rodri,5,4,2024,NA
Crofton Utukana,Vinícius Jr,5,4,2024,NA
Gamadiid Guurre,Rodri,5,4,2024,NA
Robert Marawa,Vinícius Jr,5,4,2024,NA
Albino Kuek Deng Kuach,Vinícius Jr,5,4,2024,NA
Juan Ignacio Gallardo,Dani Carvajal,5,1,2024,NA
Neville Victor Anthony,Rodri,5,4,2024,NA
Terry Finisterre,Dani Carvajal,5,4,2024,NA
Desney Romeo,Jude Bellingham,5,4,2024,NA
Simon Bank,Rodri,5,4,2024,NA
Tobias Wedermann,Rodri,5,4,2024,NA
Mohamad Nadim Aljabi,Vinícius Jr,5,4,2024,NA
Olivier Huc,Vinícius Jr,5,4,2024,NA
Faridun Saliev,Rodri,5,4,2024,NA
Evance Mhando,Rodri,5,4,2024,NA
Kim Junumporn,Rodri,5,4,2024,NA
Guedes Jose,Dani Carvajal,5,4,2024,NA
Sylvestre Gounoubou,Vinícius Jr,5,4,2024,NA
Justin Akauola,Rodri,5,4,2024,NA
Ian Prescott,Vinícius Jr,5,4,2024,NA
Tarek Ghdiri,Dani Carvajal,5,4,2024,NA
Mehmet Arslan,Vinícius Jr,5,4,2024,NA
Alexander Vershinin,Dani Carvajal,5,4,2024,NA
Faizool Deo,Vinícius Jr,5,4,2024,NA
Mayamba Stephen,Rodri,5,4,2024,NA
Valerii Novobranets,Rodri,5,4,2024,NA
Omran Mohamed,Rodri,5,4,2024,NA
Rómulo Martínez Chenlo,Federico Valverde,5,1,2024,NA
Bill Kiser,Kylian Mbappé,5,4,2024,NA
Douglas Mcintyre,Jude Bellingham,5,4,2024,NA
Davron Fayziev,Vinícius Jr,5,4,2024,NA
Harry Atisson,Rodri,5,4,2024,NA
Humberto Perozo Suárez,Vinícius Jr,5,4,2024,NA
Minh Viet Nguyen,Rodri,5,4,2024,NA
Paul Abbandonato,Vinícius Jr,5,4,2024,NA
Basheer Senan,Vinícius Jr,5,4,2024,NA
Elias Chipepo,Vinícius Jr,5,4,2024,NA
Sikhumbuzo Moyo,Vinícius Jr,5,4,2024,NA
Sharif Mukhammad,Vinícius Jr,3,4,2024,NA
Berat Djimsiti,Vinícius Jr,3,4,2024,NA
Riyad Mahrez,Vinícius Jr,3,4,2024,NA
Felise Fata,Lionel Messi,3,4,2024,NA
Alfredo Ribeiro,Jude Bellingham,3,4,2024,NA
Germain Hughes,Rodri,3,4,2024,NA
Quinton Griffith,Vinícius Jr,3,4,2024,NA
Lionel Messi,Kylian Mbappé,3,4,2024,NA
Varazdat Haroyan,Vinícius Jr,3,4,2024,NA
Matthew Robert Lentink,Rodri,3,4,2024,NA
Mathew Ryan,Rodri,3,4,2024,NA
David Alaba,Dani Carvajal,3,2,2024,NA
Badavi Guseynov,Rodri,3,4,2024,NA
Leslie St. Fleur,Jude Bellingham,3,4,2024,NA
Sayed Mohamed Abbas,Rodri,3,4,2024,NA
Sohel Rana,Vinícius Jr,3,4,2024,NA
Andre Applewhaite,Rodri,3,4,2024,NA
Alexandr Martynovich,Vinícius Jr,3,4,2024,NA
Charles Tillett,Lamine Yamal,3,4,2024,NA
Steve Mounie,Dani Carvajal,3,4,2024,NA
Dale Eve,Vinícius Jr,3,4,2024,NA
Nima Wangdi,Kylian Mbappé,3,4,2024,NA
Luis Fernando Haquin Lopez,Rodri,3,4,2024,NA
Edin Dzeko,Vinícius Jr,3,4,2024,NA
Thatayaone Ditlhokwe,Rodri,3,4,2024,NA
Danilo Luiz Da Silva,Jude Bellingham,3,4,2024,NA
Kavon Caesar,Jude Bellingham,3,4,2024,NA
Muhammad Azwan Ali Rahman,Lionel Messi,3,4,2024,NA
Kiril Despodov,Rodri,3,4,2024,NA
Bertrand Traoré,Jude Bellingham,3,4,2024,NA
Saidi Ntibazonikza,Kylian Mbappé,3,4,2024,NA
Ryan Mendes,Jude Bellingham,3,4,2024,NA
Mohammed Khan,Erling Haaland,3,4,2024,NA
Vincent Aboubakar,Dani Carvajal,3,4,2024,NA
Alphonso Davies,Lamine Yamal,3,4,2024,NA
Dandre Rowe,Jude Bellingham,3,4,2024,NA
Sadock Ndobe,Jude Bellingham,3,4,2024,NA
Ahmat Abdramane,Dani Carvajal,3,4,2024,NA
Arturo Erasmo Vidal Pardo,Dani Carvajal,3,4,2024,NA
Wang Dalei,Toni Kroos,3,4,2024,NA
Po Liang Chen,Lamine Yamal,3,4,2024,NA
James Rodríguez,Dani Carvajal,3,4,2024,NA
Youssouf Mchangama,Jude Bellingham,3,4,2024,NA
Silvere Ganvoula Mboussy,Toni Kroos,3,4,2024,NA
Chancel Mbemba,Vinícius Jr,3,4,2024,NA
Thane Beal,Lamine Yamal,3,4,2024,NA
Francisco Calvo,Jude Bellingham,3,4,2024,NA
Franck Kessié,Dani Carvajal,3,4,2024,NA
Luka Modric,Jude Bellingham,3,2,2024,NA
Luis Javier Paradela Diaz,Dani Carvajal,3,4,2024,NA
Eloy Room,Toni Kroos,3,4,2024,NA
Kostakis Artymatas,Rodri,3,4,2024,NA
Tomas Soucek,Jude Bellingham,3,4,2024,NA
Pierre Emile Højbjerg,Vinícius Jr,3,4,2024,NA
Hamze Abdi Idleh,Rodri,3,4,2024,NA
Glenson Prince,Dani Carvajal,3,4,2024,NA
Jean Carlos López Moscoso,Jude Bellingham,3,4,2024,NA
Enner Valencia,Toni Kroos,3,4,2024,NA
Mohamed Salah,Rodri,3,4,2024,NA
Nelson Bonilla,Dani Carvajal,3,4,2024,NA
Harry Kane,Jude Bellingham,3,1,2024,NA
Carlos Akapo Martinez,Vinícius Jr,3,4,2024,NA
Karol Mets,Vinícius Jr,3,4,2024,NA
Sifiso Samu Matse,Vinícius Jr,3,4,2024,NA
Yared Bayeh Belay,Dani Carvajal,3,4,2024,NA
Hallur Hansson,Rodri,3,4,2024,NA
Roy Krishna,Erling Haaland,3,4,2024,NA
Lukas Hradecky,Erling Haaland,3,4,2024,NA
Bruno Ecuele Manga,Erling Haaland,3,4,2024,NA
Omar Colley,Rodri,3,4,2024,NA
Guram Kashia,Vinícius Jr,3,4,2024,NA
Joshua Kimmich,Toni Kroos,3,1,2024,NA
Liam Walker,Lamine Yamal,3,4,2024,NA
Anastasios Bakasetas,Vinícius Jr,3,4,2024,NA
Aaron Pierre,Jude Bellingham,3,4,2024,NA
Jason Ryan Quitugua Cunliffe,Jude Bellingham,3,4,2024,NA
José Carlos Pinto Samayoa,Vinícius Jr,3,4,2024,NA
Issiagia Sylla,Dani Carvajal,3,4,2024,NA
Mama Balde,Toni Kroos,3,4,2024,NA
Antony Lozano,Rodri,3,4,2024,NA
Hung Fai Yapp,Jude Bellingham,3,4,2024,NA
Johann Gudmundsson,Vinícius Jr,3,4,2024,NA
Sandesh Jhingan,Dani Carvajal,3,4,2024,NA
Jay Idzes,Rodri,3,4,2024,NA
Alireza Jahanbakhsh,Rodri,3,4,2024,NA
Jalal Hassan ,Lionel Messi,3,4,2024,NA
Eliezer Dasa,Dani Carvajal,3,4,2024,NA
Gianluigi Donnarumma,Kylian Mbappé,3,4,2024,NA
Andre Blake,Vinícius Jr,3,4,2024,NA
Wataru Endo,Vinícius Jr,3,4,2024,NA
Ehsan Haddad,Rodri,3,4,2024,NA
Ashkat Tagybergen,Vinícius Jr,3,4,2024,NA
Michael Olunga Ogada,Rodri,3,4,2024,NA
Heung Min Son,Vinícius Jr,3,4,2024,NA
Amir Rrahmani,Kylian Mbappé,3,4,2024,NA
Khaled Al Rashidi,Jude Bellingham,3,4,2024,NA
Kichin Valerii,Jude Bellingham,3,4,2024,NA
Bounphachan Bounkong,Erling Haaland,3,4,2024,NA
Kristers Tobers,Dani Carvajal,3,4,2024,NA
Mohamad Haidar,Kylian Mbappé,3,4,2024,NA
Sekhoane Benedict Moerane,Rodri,3,4,2024,NA
Nicolas Hasler,Dani Carvajal,3,4,2024,NA
Fedor Cernych,Vinícius Jr,3,4,2024,NA
Laurent Jans,Dani Carvajal,3,4,2024,NA
Chan Man,Dani Carvajal,3,4,2024,NA
Ibrahim Samuel Amada,Rodri,3,4,2024,NA
John Banda,Toni Kroos,3,4,2024,NA
Dion Johan Cools,Vinícius Jr,3,4,2024,NA
Ali Samooh,Rodri,3,4,2024,NA
Yves Bissouma,Jude Bellingham,3,4,2024,NA
Steve Borg,Rodri,3,4,2024,NA
Yaly Mohamed Dellah,Jude Bellingham,3,4,2024,NA
Lindsay Rose,Rodri,3,4,2024,NA
Edson Omar Alvarez Velazquez,Rodri,3,4,2024,NA
Rata Vadim,Vinícius Jr,3,4,2024,NA
Tsendayush Khurelbaatar,Vinícius Jr,3,4,2024,NA
Stevan Jovetic,Jude Bellingham,3,4,2024,NA
Alex James Dyer,Vinícius Jr,3,4,2024,NA
Achraf Hakimi,Vinícius Jr,3,4,2024,NA
Lwin Maung Maung,Jude Bellingham,3,4,2024,NA
Riaan Hanamub,Jude Bellingham,3,4,2024,NA
Kiran Limbu Chemjong,Lamine Yamal,3,4,2024,NA
Virgil Van Dijk,Erling Haaland,3,4,2024,NA
Morgan Mathelon,Vinícius Jr,3,4,2024,NA
Chris Wood,Vinícius Jr,3,4,2024,NA
Juan Barrera,Kylian Mbappé,3,4,2024,NA
Youssouf Oumarou,Dani Carvajal,3,4,2024,NA
William Ekong,Vinícius Jr,3,4,2024,NA
Enis Bardhi,Vinícius Jr,3,4,2024,NA
Paddy Mcnair,Vinícius Jr,3,4,2024,NA
Martin Odegaard,Rodri,3,4,2024,NA
Mohammed Al Musallami,Dani Carvajal,3,4,2024,NA
Abdullah Iqbal,Vinícius Jr,3,4,2024,NA
Musab Battat,Dani Carvajal,3,4,2024,NA
Anibal Godoy,Rodri,3,4,2024,NA
Garem Alwin Komolong,Jude Bellingham,3,4,2024,NA
Gustavo Gomez,Rodri,3,4,2024,NA
Paolo Guerrero,Lionel Messi,3,4,2024,NA
Amani Aguinaldo,Toni Kroos,3,4,2024,NA
Robert Lewandowski,Lamine Yamal,3,4,2024,NA
Bernardo Silva,Vinícius Jr,3,4,2024,NA
Leandro Antonetti,Dani Carvajal,3,4,2024,NA
Akram Afif,Dani Carvajal,3,4,2024,NA
Seamus Coleman,Vinícius Jr,3,4,2024,NA
Nicolae Stanciu,Dani Carvajal,3,4,2024,NA
Aleksandr Golovin,Kylian Mbappé,3,4,2024,NA
Djihad Bizimana ,Vinícius Jr,3,4,2024,NA
Andrew Setefano,Erling Haaland,3,4,2024,NA
Matteo Vitaioli,Toni Kroos,3,4,2024,NA
Luis Anjos,Jude Bellingham,3,4,2024,NA
Salem Aldawsari,Vinícius Jr,3,4,2024,NA
Kalidou Koulibaly,Dani Carvajal,3,4,2024,NA
Aleksandar Mitrovic,Erling Haaland,3,4,2024,NA
Elie Nelson Jr Sopha,Florian Wirtz,3,4,2024,NA
Mustapha Bundu,Jude Bellingham,3,4,2024,NA
Hariss Harun,Vinícius Jr,3,4,2024,NA
Milan Škriniar,Rodri,3,4,2024,NA
Jan Oblak,Dani Carvajal,3,4,2024,NA
Javin Alick,Toni Kroos,3,4,2024,NA
Abdulsamed Abdullahi,Erling Haaland,3,4,2024,NA
Ronwen Williams,Vinícius Jr,3,4,2024,NA
Peter Mabok,Kylian Mbappé,3,4,2024,NA
Alvaro Morata Martin,Rodri,3,1,2024,NA
Sujan Perera,Rodri,3,4,2024,NA
Julani Archibald,Vinícius Jr,3,4,2024,NA
Oalex Anderson,Jude Bellingham,3,4,2024,NA
Victor Lindelof,Vinícius Jr,3,4,2024,NA
Granit Xhaka,Toni Kroos,3,4,2024,NA
Teaonui Tehau,Vinícius Jr,3,4,2024,NA
Akhtam Nazarov,Toni Kroos,3,4,2024,NA
Mbwana Ally Samatta,Vinícius Jr,3,4,2024,NA
Chanathip Songkrasin,Rodri,3,4,2024,NA
Gali Freitas,Vinícius Jr,3,4,2024,NA
Dakonam Ortega Djene,Dani Carvajal,3,4,2024,NA
Hemaloto Polovili,Kylian Mbappé,3,4,2024,NA
Aubrey David,Dani Carvajal,3,4,2024,NA
Ali Abdi,Vinícius Jr,3,4,2024,NA
Hakan Calhanoglu,Lamine Yamal,3,4,2024,NA
Arslanmyrat Amanov,Vinícius Jr,3,4,2024,NA
Billy Forbes,Jude Bellingham,3,4,2024,NA
Aucho Khalid,Lionel Messi,3,4,2024,NA
Mykola Matvienko,Vinícius Jr,3,4,2024,NA
Ali Khaseif,Erling Haaland,3,4,2024,NA
Jose Gimenez,Rodri,3,4,2024,NA
Terrence Jones,Vinícius Jr,3,4,2024,NA
Tim Ream,Vinícius Jr,3,4,2024,NA
Eldor Shomurodov,Vinícius Jr,3,4,2024,NA
Brian Kaltak,Erling Haaland,3,4,2024,NA
Tomas Rincon,Rodri,3,4,2024,NA
Manh Do,Vinícius Jr,3,4,2024,NA
Aaron Ramsey,Rodri,3,4,2024,NA
Abdulwasea Al-Matari,Rodri,3,4,2024,NA
Lubambo Musonda,Rodri,3,4,2024,NA
Usmon Toshev,Kylian Mbappé,3,4,2024,NA
Sylvio Mendes Campos,Rodri,3,4,2024,NA
Vladimir Petkovic,Vinícius Jr,3,4,2024,NA
Koldo Alvarez De Eulate,Jude Bellingham,3,4,2024,NA
Pedro Valdemar Soares Gonçalves,Vinícius Jr,3,4,2024,NA
Mikele Leigertwood,Vinícius Jr,3,4,2024,NA
Lionel Scaloni,Rodri,3,4,2024,NA
Suren Chakhalyan,Federico Valverde,3,4,2024,NA
Marvic Bermudez,Jude Bellingham,3,4,2024,NA
Tony Popovic,Rodri,3,4,2024,NA
Ralf Rangnick,Erling Haaland,3,4,2024,NA
Fernando Santos,Vinícius Jr,3,4,2024,NA
Nesly Jean,Erling Haaland,3,4,2024,NA
Dragan Talajic,Rodri,3,4,2024,NA
Javier Cabrera,Vinícius Jr,3,4,2024,NA
Kent Edward Hall,Vinícius Jr,3,4,2024,NA
Carlos Alos Ferrer,Vinícius Jr,3,4,2024,NA
Domenico Tedesco,Florian Wirtz,3,4,2024,NA
Carlos Slusher,Jude Bellingham,3,4,2024,NA
Gernot Rohr,Toni Kroos,3,4,2024,NA
Michael Findlay,Toni Kroos,3,4,2024,NA
Atsushi Nakamura,Florian Wirtz,3,4,2024,NA
Oscar Villegas,Jude Bellingham,3,4,2024,NA
Sergej Barbarez,Rodri,3,4,2024,NA
Morena Ramoreboli,Rodri,3,4,2024,NA
Dorival Silvestre Júnior,Jude Bellingham,3,4,2024,NA
Vinicius Eutropio,Federico Valverde,3,4,2024,NA
Ilian Iliev,Toni Kroos,3,4,2024,NA
Brama Traoré,Jude Bellingham,3,4,2024,NA
Patrick Sangwa,Rodri,3,4,2024,NA
Pedro Leitão Brito,Vinícius Jr,3,4,2024,NA
Koji Gyotoku,Erling Haaland,3,4,2024,NA
Martin Felix Ndtoungou Mpile,Erling Haaland,3,4,2024,NA
Jesse Marsch,Rodri,3,4,2024,NA
Joey Mark Jap Tjong,Vinícius Jr,3,4,2024,NA
Eloge Enza-Yamissi,Jude Bellingham,3,4,2024,NA
Djimtan Yamtamadji,Jude Bellingham,3,4,2024,NA
Ricardo Alberto Gareca,Dani Carvajal,3,4,2024,NA
Branko Ivankovic,Erling Haaland,3,4,2024,NA
Gary White,Jude Bellingham,3,4,2024,NA
Néstor Lorenzo,Jude Bellingham,3,4,2024,NA
Stefano Cusin,Jude Bellingham,3,4,2024,NA
Barthélémy Ngastono,Toni Kroos,3,4,2024,NA
Sébastien Desabre,Rodri,3,4,2024,NA
Tuka Tisam,Rodri,3,4,2024,NA
Paulo Wanchope,Vinícius Jr,3,4,2024,NA
Emerse Fae,Dani Carvajal,3,4,2024,NA
Yunielys Castillo Carmenate,Vinícius Jr,3,4,2024,NA
Sofronis Avgousti,Vinícius Jr,3,4,2024,NA
Ivan Hasek,Lamine Yamal,3,4,2024,NA
Brian Riemer,Jude Bellingham,3,4,2024,NA
Abdirahman Okieh Hadi,Rodri,3,4,2024,NA
Marcelo Neveleff,Rodri,3,4,2024,NA
Sebastián Beccacece,Rodri,3,4,2024,NA
Hossam Hassan,Vinícius Jr,3,4,2024,NA
David Dóniga Lara,Rodri,3,4,2024,NA
Lee Carsley,Rodri,3,4,2024,NA
Juan Micha Obiang Bicogo,Jude Bellingham,3,4,2024,NA
Jürgen Henn,Jude Bellingham,3,4,2024,NA
Zdravko Logarusic,Lamine Yamal,3,4,2024,NA
Messay Teferi,Vinícius Jr,3,4,2024,NA
Eydun Klakstein,Jude Bellingham,3,4,2024,NA
Sherman Rob,Erling Haaland,3,4,2024,NA
Markku Kanerva,Jude Bellingham,3,4,2024,NA
Didier Deschamps,Kylian Mbappé,3,1,2024,NA
Thierry Mouyouma,Lionel Messi,3,4,2024,NA
Johnathan Mckinstry,Rodri,3,4,2024,NA
Willy Sagnol,Vinícius Jr,3,4,2024,NA
Julian Nagelsmann,Rodri,3,4,2024,NA
Nana Otto Addo,Jude Bellingham,3,4,2024,NA
Julio Ribas,Erling Haaland,3,4,2024,NA
Ivan Jovanovic,Vinícius Jr,3,4,2024,NA
Ross Awa,Vinícius Jr,3,4,2024,NA
Luis Fernando Tena Garduño,Vinícius Jr,3,4,2024,NA
Michel Dussuyer,Vinícius Jr,3,4,2024,NA
Luis Boa Morte,Dani Carvajal,3,4,2024,NA
Wayne Dover,Kylian Mbappé,3,4,2024,NA
Sébastien Migné,Florian Wirtz,3,4,2024,NA
Reinaldo Rueda Rivera,Jude Bellingham,3,4,2024,NA
Ashley Westwood,Rodri,3,4,2024,NA
Marco Rossi,Rodri,3,4,2024,NA
David Snorri Jonasson,Vinícius Jr,3,4,2024,NA
Manolo Márquez,Lionel Messi,3,4,2024,NA
Taeyong Shin,Erling Haaland,3,4,2024,NA
Ardeshir Ghalehnoy,Vinícius Jr,3,4,2024,NA
Jesus Casas,Rodri,3,4,2024,NA
Ran Ben Simon,Dani Carvajal,3,4,2024,NA
Luciano Spalletti,Jude Bellingham,3,4,2024,NA
Stephen Mcclaren,Lionel Messi,3,4,2024,NA
Hajime Moriyasu,Erling Haaland,3,4,2024,NA
Jamal Sellami,Vinícius Jr,3,4,2024,NA
Cherchesov Stanislav,Toni Kroos,3,4,2024,NA
Engin Firat,Toni Kroos,3,4,2024,NA
Yong Nam Sin,Lamine Yamal,3,4,2024,NA
Myung Bo Hong,Vinícius Jr,3,4,2024,NA
Franco Foda,Vinícius Jr,3,4,2024,NA
Juan Antonio Pizzi,Lamine Yamal,3,4,2024,NA
Maksim Lisitsyn,Vinícius Jr,3,4,2024,NA
Hyeok-Jun Ha,Vinícius Jr,3,4,2024,NA
Paolo Nicolato,Rodri,3,4,2024,NA
Miodrag Radulovic,Kylian Mbappé,3,4,2024,NA
Leslie Makhetha Notsi,Jude Bellingham,3,4,2024,NA
Thomas S. Kojo,Jude Bellingham,3,4,2024,NA
Abubaker Alherk,Rodri,3,4,2024,NA
Konrad Fünfstück,Lionel Messi,3,4,2024,NA
Edgaras Jankauskas,Lamine Yamal,3,4,2024,NA
Luc Holtz,Lamine Yamal,3,4,2024,NA
Kar Lok Kenneth Kwok,Dani Carvajal,3,4,2024,NA
Romuald Felix Rakotondrabe,Erling Haaland,3,4,2024,NA
Kalisto Pasuwa,Jude Bellingham,3,4,2024,NA
Pau Marti Vicente,Lamine Yamal,3,4,2024,NA
Ali Suzain,Jude Bellingham,3,4,2024,NA
Tom Saintfiet,Federico Valverde,3,4,2024,NA
Davide Mazzotta,Rodri,3,4,2024,NA
Aritz López Garay,Toni Kroos,3,4,2024,NA
Guillaume Moullec,Jude Bellingham,3,4,2024,NA
Javier Aguirre,Rodri,3,4,2024,NA
Serghei Clescenco,Rodri,3,4,2024,NA
Garidmagnai Bayasgalan,Jude Bellingham,3,4,2024,NA
Robert Prosinecki,Jude Bellingham,3,4,2024,NA
Walid Regragui,Rodri,3,4,2024,NA
Francisco Queriol Conde Junior,Kylian Mbappé,3,4,2024,NA
Myo Hlaing Win,Erling Haaland,3,4,2024,NA
Collin Benjamin,Kylian Mbappé,3,4,2024,NA
Nabin Neupane,Lamine Yamal,3,4,2024,NA
Ronald Koeman,Vinícius Jr,3,4,2024,NA
Johan Sidaner,Lamine Yamal,3,4,2024,NA
Darren Bazeley,Jude Bellingham,3,4,2024,NA
Marco Antonio Figueroa Montero,Jude Bellingham,3,4,2024,NA
Zakariaou Ibrahim,Lamine Yamal,3,4,2024,NA
Augustine Owen Eguavoen,Vinícius Jr,3,4,2024,NA
Blagoja Milevski,Jude Bellingham,3,4,2024,NA
Ståle Solbakken,Erling Haaland,3,1,2024,NA
Wael Elseisi,Federico Valverde,3,4,2024,NA
Stephen Constantine,Florian Wirtz,3,4,2024,NA
Makram Daboub,Jude Bellingham,3,4,2024,NA
Thomas Christiansen,Vinícius Jr,3,4,2024,NA
Felipe Vega Arango Alonso,Lamine Yamal,3,4,2024,NA
Gustavo Alfaro,Lionel Messi,3,4,2024,NA
Jorge Daniel Fossati Lurachi,Federico Valverde,3,4,2024,NA
Albert Capellas Herms,Jude Bellingham,3,4,2024,NA
Michał Probierz,Rodri,3,4,2024,NA
Roberto Martinez,Lamine Yamal,3,4,2024,NA
Charlie Trout,Dani Carvajal,3,4,2024,NA
Luis Garcia,Kylian Mbappé,3,4,2024,NA
Heimir Hallgrimsson,Vinícius Jr,3,4,2024,NA
Mircea Lucescu,Toni Kroos,3,4,2024,NA
Jimmy Mulisa,Vinícius Jr,3,4,2024,NA
Jess Ibrom,Jude Bellingham,3,4,2024,NA
Roberto Cevoli,Vinícius Jr,3,4,2024,NA
Ricardo Monsanto,Vinícius Jr,3,4,2024,NA
Herve Renard,Jude Bellingham,3,4,2024,NA
Steve Clarke,Lamine Yamal,3,4,2024,NA
Pape Bouna Thiaw,Rodri,3,4,2024,NA
Dragan Stojkovic,Vinícius Jr,3,4,2024,NA
Ralph Jean-Louis,Vinícius Jr,3,4,2024,NA
Amidu Karim,Jude Bellingham,3,4,2024,NA
Tsutomu Ogura,Dani Carvajal,3,4,2024,NA
Francesco Calzona,Rodri,3,4,2024,NA
Matjaž Kek,Vinícius Jr,3,4,2024,NA
Josh Smith,Rodri,3,4,2024,NA
Yusuf Ali,Erling Haaland,3,4,2024,NA
Hugo Broos,Vinícius Jr,3,4,2024,NA
Nicolas Dupuis,Rodri,3,4,2024,NA
Luis De La Fuente Castillo,Rodri,3,1,2024,NA
Abdullah Almutairi,Rodri,3,4,2024,NA
Stern John,Toni Kroos,3,4,2024,NA
Ezra Hendrickson,Kylian Mbappé,3,4,2024,NA
Stanley Menzo,Lamine Yamal,3,4,2024,NA
Jon Dahl Tomasson,Vinícius Jr,3,4,2024,NA
Murat Yakin,Federico Valverde,3,4,2024,NA
Jose Lana Fernández,Vinícius Jr,3,4,2024,NA
Samuel Garcia,Toni Kroos,3,4,2024,NA
Gela Shekiladze,Vinícius Jr,3,4,2024,NA
Hemed Ali,Rodri,3,4,2024,NA
Masatada Ishii,Erling Haaland,3,4,2024,NA
Simon Elissetche,Lamine Yamal,3,4,2024,NA
Dare Nibombe,Vinícius Jr,3,4,2024,NA
Kilifi Solia Uele,Rodri,3,4,2024,NA
Yaakoubi Kays,Jude Bellingham,3,4,2024,NA
Vincenzo Montella,Vinícius Jr,3,4,2024,NA
Mergen Orazov,Vinícius Jr,3,4,2024,NA
Aaron Lawrence,Lamine Yamal,3,4,2024,NA
Paul Put,Rodri,3,4,2024,NA
Serhii Rebrov,Jude Bellingham,3,4,2024,NA
Paulo Jorge Gomes Bento,Jude Bellingham,3,4,2024,NA
Marcelo Bielsa,Rodri,3,4,2024,NA
Terrence Jones,Vinícius Jr,3,4,2024,NA
Mauricio Pochettino,Rodri,3,4,2024,NA
Srecko Katanec,Vinícius Jr,3,4,2024,NA
Juliano Antonio Schmeling,Toni Kroos,3,4,2024,NA
Fernando Batista,Vinícius Jr,3,4,2024,NA
Sang Sik Kim,Jude Bellingham,3,4,2024,NA
Craig Bellamy,Vinícius Jr,3,4,2024,NA
Noureddine Ouldali,Toni Kroos,3,4,2024,NA
Michael Nees,Rodri,3,4,2024,NA
Sayer Zaland,Jude Bellingham,3,4,2024,NA
Endi Tufa,Toni Kroos,3,4,2024,NA
Mohammed Rachid Belarbi,Dani Carvajal,3,4,2024,NA
Victor Duaso Saludas,Erling Haaland,3,4,2024,NA
Geraldo Quiala,Lamine Yamal,3,4,2024,NA
Claudio Mauri,Lamine Yamal,3,4,2024,NA
Robert Gasparyan,Rodri,3,4,2024,NA
Simon Hill,Vinícius Jr,3,4,2024,NA
Stefan Grüneis,Vinícius Jr,3,4,2024,NA
Rasim Mövsümov,Rodri,3,4,2024,NA
Abdulla Ashoor,Kylian Mbappé,3,4,2024,NA
Raihan Al Magni,Jude Bellingham,3,4,2024,NA
Anmar Goodridge Boyce,Erling Haaland,3,4,2024,NA
Sergey Nikolaev,Vinícius Jr,3,4,2024,NA
Kristof Terreur,Vinícius Jr,3,4,2024,NA
Senankpon Perez Lekotan,Rodri,3,4,2024,NA
Namgay Zam,Rodri,3,4,2024,NA
Rainer Durán Urquizu,Vinícius Jr,3,4,2024,NA
Emir Delić,Vinícius Jr,3,4,2024,NA
Carlos Eduardo Mansur,Jude Bellingham,3,4,2024,NA
Boyan Boychev,Jude Bellingham,3,4,2024,NA
Siriki Dramé,Vinícius Jr,3,4,2024,NA
Liliane Nshimirimana,Rodri,3,4,2024,NA
Simao Rodrigues,Rodri,3,4,2024,NA
Chamroeun Ung,Rodri,3,4,2024,NA
Angu Lesley Ngwa Akonwi,Erling Haaland,3,4,2024,NA
Neil Davidson,Vinícius Jr,3,4,2024,NA
Raymon Singh,Erling Haaland,3,4,2024,NA
Bienvenu Elie Gbelo,Jude Bellingham,3,4,2024,NA
Salahadine Mahamat Sabour,Jude Bellingham,3,4,2024,NA
Danilo Díaz,Dani Carvajal,3,4,2024,NA
Dexing Ma,Rodri,3,4,2024,NA
Chihwei Hung,Rodri,3,4,2024,NA
Diego Rueda ,Vinícius Jr,3,4,2024,NA
Djouma Elie-Dine,Dani Carvajal,3,4,2024,NA
Emmanuel Kaba,Erling Haaland,3,4,2024,NA
Michel Tobo,Lamine Yamal,3,4,2024,NA
Rashneel Kumar Madhur,Rodri,3,4,2024,NA
David Goldberg,Dani Carvajal,3,4,2024,NA
Magloire Gnae Oulidehi,Rodri,3,4,2024,NA
Robert Matteoni,Vinícius Jr,3,4,2024,NA
Yasiel Cancio,Rodri,3,4,2024,NA
Carl Ruiter,Vinícius Jr,3,4,2024,NA
Andreas Violaris,Dani Carvajal,3,4,2024,NA
Jan Palička,Jude Bellingham,3,4,2024,NA
Klaus Egelund,Toni Kroos,3,4,2024,NA
Yacin Ahmed Moussa,Dani Carvajal,3,4,2024,NA
Garvin Richards,Erling Haaland,3,4,2024,NA
Jorge Bauger,Kylian Mbappé,3,4,2024,NA
Tito Rosales Cox,Vinícius Jr,3,4,2024,NA
Hady Elmadany,Rodri,3,4,2024,NA
Gabriel Campos,Rodri,3,4,2024,NA
John Cross,Vinícius Jr,3,4,2024,NA
Michael Seium,Erling Haaland,3,4,2024,NA
Aet Suvari,Vinícius Jr,3,4,2024,NA
Hussen Abdulkeni,Vinícius Jr,3,4,2024,NA
Símun Christian Olsen,Vinícius Jr,3,4,2024,NA
Indra Singh,Lamine Yamal,3,4,2024,NA
Ari Virtanen,Rodri,3,4,2024,NA
Cyrille De La Morinerie,Rodri,3,4,2024,NA
Pablo Moussodji Ngoma,Jude Bellingham,3,4,2024,NA
Baboucarr Camara,Jude Bellingham,3,4,2024,NA
Mamuka Kvaratskhelia,Rodri,3,4,2024,NA
Georg Holzner,Vinícius Jr,3,4,2024,NA
Gary Al Smith,Rodri,3,4,2024,NA
Stephen Ignacio,Lamine Yamal,3,4,2024,NA
Nikolaos Kotsis,Vinícius Jr,3,4,2024,NA
Michael Bascombe,Erling Haaland,3,4,2024,NA
Joseph Santo Tomas,Kylian Mbappé,3,4,2024,NA
Carlos Marín Noriega,Erling Haaland,3,4,2024,NA
Alpha Mady Touré,Vinícius Jr,3,4,2024,NA
Sene Camara,Vinícius Jr,3,4,2024,NA
Rawle Toney,Rodri,3,4,2024,NA
Lutherson Leon,Jude Bellingham,3,4,2024,NA
Gonzalo Carias,Rodri,3,4,2024,NA
Ho Yin Kwok,Lamine Yamal,3,4,2024,NA
György Szöllösi,Rodri,3,4,2024,NA
Vidir Sigurdsson,Vinícius Jr,3,4,2024,NA
Dhiman Sarkar,Jude Bellingham,3,4,2024,NA
Triono Subagyo,Rodri,3,4,2024,NA
Masoud Hossein,Rodri,3,4,2024,NA
Arshed Alsaedi,Lamine Yamal,3,4,2024,NA
Uri Dagon,Jude Bellingham,3,4,2024,NA
Pierluigi Pardo,Vinícius Jr,3,4,2024,NA
Brian Lewis,Rodri,3,4,2024,NA
Hideo Tamaru,Jude Bellingham,3,4,2024,NA
Taiser Alomiri,Jude Bellingham,3,4,2024,NA
Geniy Tulegenov,Rodri,3,4,2024,NA
Eric Njiru,Jude Bellingham,3,4,2024,NA
Gun Lee,Toni Kroos,3,4,2024,NA
Valon Konushevci,Rodri,3,4,2024,NA
Abdulaziz Jassim,Lamine Yamal,3,4,2024,NA
Bakyt Shukuraliev,Rodri,3,4,2024,NA
Ekasanh Thipphachack,Vinícius Jr,3,4,2024,NA
Ilvars Koscinkevics,Vinícius Jr,3,4,2024,NA
Mike Chalhoub,Jude Bellingham,3,4,2024,NA
Moorosi Simon Tsiane,Jude Bellingham,3,4,2024,NA
Anthony Kokoi,Rodri,3,4,2024,NA
Haithem Elamari,Rodri,3,4,2024,NA
Jan Stärker,Erling Haaland,3,4,2024,NA
Mindaugas Augustis,Jude Bellingham,3,4,2024,NA
Petz Lahure,Vinícius Jr,3,4,2024,NA
Pedro Maia,Toni Kroos,3,4,2024,NA
Ajitpal Singh Dhaliwal,Vinícius Jr,3,4,2024,NA
Shimaaz Ali,Jude Bellingham,3,4,2024,NA
Boubacar Diakite,Dani Carvajal,3,4,2024,NA
Domenic Aquilina,Kylian Mbappé,3,4,2024,NA
Brahim Sow Deïna,Rodri,3,4,2024,NA
Francisco Javier González,Rodri,3,4,2024,NA
Alex Fosa,Jude Bellingham,3,4,2024,NA
Enkhtuvshin Tserensodnom,Lamine Yamal,3,4,2024,NA
Danilo Mitrovic,Lamine Yamal,3,4,2024,NA
Jalal Bouzrara,Lamine Yamal,3,4,2024,NA
João Arnaldo Carlija Chivale,Vinícius Jr,3,4,2024,NA
Bikram Thapa,Rodri,3,4,2024,NA
Jaap De Groot,Vinícius Jr,3,4,2024,NA
Martin Charmasson,Jude Bellingham,3,4,2024,NA
Michael Burgess,Vinícius Jr,3,4,2024,NA
Jose Nectali Mora Zeledon,Vinícius Jr,3,4,2024,NA
Abdel Malik Koudizé,Vinícius Jr,3,4,2024,NA
Oluwashina Okeleji,Rodri,3,4,2024,NA
Mijalche Durgutov,Rodri,3,4,2024,NA
Mark Mcintosh,Rodri,3,4,2024,NA
Morten Pedersen,Vinícius Jr,3,4,2024,NA
Ashok Purohit,Erling Haaland,3,4,2024,NA
Majdi Qasem,Vinícius Jr,3,4,2024,NA
David Samudio Garay,Vinícius Jr,3,4,2024,NA
Patricia Keamo,Lamine Yamal,3,4,2024,NA
Edgar Cantero,Rodri,3,4,2024,NA
Pedro Eduardo Canelo Quispe,Vinícius Jr,3,4,2024,NA
Ryan Fenix,Dani Carvajal,3,4,2024,NA
Michal Pol,Vinícius Jr,3,4,2024,NA
Vítor Serpa,Lamine Yamal,3,4,2024,NA
Esteban Pagán Rivera,Rodri,3,4,2024,NA
Ali Almslmani,Erling Haaland,3,4,2024,NA
Philip Quinn,Florian Wirtz,3,4,2024,NA
Theodor Jumatate,Rodri,3,4,2024,NA
Oleg Koshelev,Vinícius Jr,3,4,2024,NA
Eddie Nsabimana,Rodri,3,4,2024,NA
Vaelei Von Dincklage,Florian Wirtz,3,4,2024,NA
Elia Gorini,Jude Bellingham,3,4,2024,NA
Suahills Dende,Lamine Yamal,3,4,2024,NA
Sultan Almohawes,Rodri,3,4,2024,NA
Scott Mcdermott,Vinícius Jr,3,4,2024,NA
Thierno Souleymane Diallo,Dani Carvajal,3,4,2024,NA
Milan Rasevic,Dani Carvajal,3,4,2024,NA
Sahr Morris Jr,Vinícius Jr,3,4,2024,NA
David Lee,Rodri,3,4,2024,NA
Michal Zeman,Rodri,3,4,2024,NA
Anze Baselj,Jude Bellingham,3,4,2024,NA
Crofton Utukana,Lionel Messi,3,4,2024,NA
Gamadiid Guurre,Jude Bellingham,3,4,2024,NA
Robert Marawa,Erling Haaland,3,4,2024,NA
Albino Kuek Deng Kuach,Dani Carvajal,3,4,2024,NA
Juan Ignacio Gallardo,Vinícius Jr,3,4,2024,NA
Neville Victor Anthony,Jude Bellingham,3,4,2024,NA
Terry Finisterre,Rodri,3,4,2024,NA
Desney Romeo,Vinícius Jr,3,4,2024,NA
Simon Bank,Vinícius Jr,3,4,2024,NA
Tobias Wedermann,Vinícius Jr,3,4,2024,NA
Mohamad Nadim Aljabi,Rodri,3,4,2024,NA
Olivier Huc,Rodri,3,4,2024,NA
Faridun Saliev,Kylian Mbappé,3,4,2024,NA
Evance Mhando,Jude Bellingham,3,4,2024,NA
Kim Junumporn,Jude Bellingham,3,4,2024,NA
Guedes Jose,Vinícius Jr,3,4,2024,NA
Sylvestre Gounoubou,Rodri,3,4,2024,NA
Justin Akauola,Lamine Yamal,3,4,2024,NA
Ian Prescott,Rodri,3,4,2024,NA
Tarek Ghdiri,Rodri,3,4,2024,NA
Mehmet Arslan,Jude Bellingham,3,4,2024,NA
Alexander Vershinin,Rodri,3,4,2024,NA
Faizool Deo,Jude Bellingham,3,4,2024,NA
Mayamba Stephen,Jude Bellingham,3,4,2024,NA
Valerii Novobranets,Vinícius Jr,3,4,2024,NA
Omran Mohamed,Vinícius Jr,3,4,2024,NA
Rómulo Martínez Chenlo,Lamine Yamal,3,4,2024,NA
Bill Kiser,Erling Haaland,3,4,2024,NA
Douglas Mcintyre,Rodri,3,4,2024,NA
Davron Fayziev,Rodri,3,4,2024,NA
Harry Atisson,Jude Bellingham,3,4,2024,NA
Humberto Perozo Suárez,Lamine Yamal,3,4,2024,NA
Minh Viet Nguyen,Vinícius Jr,3,4,2024,NA
Paul Abbandonato,Rodri,3,4,2024,NA
Basheer Senan,Rodri,3,4,2024,NA
Elias Chipepo,Rodri,3,4,2024,NA
Sikhumbuzo Moyo,Rodri,3,4,2024,NA
Sharif Mukhammad,Toni Kroos,1,4,2024,NA
Berat Djimsiti,Rodri,1,4,2024,NA
Riyad Mahrez,Erling Haaland,1,4,2024,NA
Felise Fata,Erling Haaland,1,4,2024,NA
Alfredo Ribeiro,Lamine Yamal,1,4,2024,NA
Germain Hughes,Vinícius Jr,1,4,2024,NA
Quinton Griffith,Jude Bellingham,1,4,2024,NA
Lionel Messi,Vinícius Jr,1,4,2024,NA
Varazdat Haroyan,Federico Valverde,1,4,2024,NA
Matthew Robert Lentink,Vinícius Jr,1,4,2024,NA
Mathew Ryan,Jude Bellingham,1,4,2024,NA
David Alaba,Jude Bellingham,1,2,2024,NA
Badavi Guseynov,Dani Carvajal,1,4,2024,NA
Leslie St. Fleur,Erling Haaland,1,4,2024,NA
Sayed Mohamed Abbas,Jude Bellingham,1,4,2024,NA
Sohel Rana,Jude Bellingham,1,4,2024,NA
Andre Applewhaite,Vinícius Jr,1,4,2024,NA
Alexandr Martynovich,Jude Bellingham,1,4,2024,NA
Charles Tillett,Jude Bellingham,1,4,2024,NA
Steve Mounie,Jude Bellingham,1,4,2024,NA
Dale Eve,Lamine Yamal,1,4,2024,NA
Nima Wangdi,Lamine Yamal,1,4,2024,NA
Luis Fernando Haquin Lopez,Jude Bellingham,1,4,2024,NA
Edin Dzeko,Jude Bellingham,1,4,2024,NA
Thatayaone Ditlhokwe,Lionel Messi,1,4,2024,NA
Danilo Luiz Da Silva,Lamine Yamal,1,4,2024,NA
Kavon Caesar,Erling Haaland,1,4,2024,NA
Muhammad Azwan Ali Rahman,Vinícius Jr,1,4,2024,NA
Kiril Despodov,Jude Bellingham,1,4,2024,NA
Bertrand Traoré,Dani Carvajal,1,4,2024,NA
Saidi Ntibazonikza,Lamine Yamal,1,4,2024,NA
Ryan Mendes,Dani Carvajal,1,4,2024,NA
Mohammed Khan,Lionel Messi,1,4,2024,NA
Vincent Aboubakar,Kylian Mbappé,1,4,2024,NA
Alphonso Davies,Jude Bellingham,1,4,2024,NA
Dandre Rowe,Vinícius Jr,1,4,2024,NA
Sadock Ndobe,Erling Haaland,1,4,2024,NA
Ahmat Abdramane,Jude Bellingham,1,4,2024,NA
Arturo Erasmo Vidal Pardo,Lamine Yamal,1,4,2024,NA
Wang Dalei,Lamine Yamal,1,4,2024,NA
Po Liang Chen,Toni Kroos,1,4,2024,NA
James Rodríguez,Jude Bellingham,1,4,2024,NA
Youssouf Mchangama,Florian Wirtz,1,4,2024,NA
Silvere Ganvoula Mboussy,Erling Haaland,1,4,2024,NA
Chancel Mbemba,Lamine Yamal,1,4,2024,NA
Thane Beal,Lionel Messi,1,4,2024,NA
Francisco Calvo,Lamine Yamal,1,4,2024,NA
Franck Kessié,Rodri,1,4,2024,NA
Luka Modric,Dani Carvajal,1,2,2024,NA
Luis Javier Paradela Diaz,Jude Bellingham,1,4,2024,NA
Eloy Room,Lamine Yamal,1,4,2024,NA
Kostakis Artymatas,Jude Bellingham,1,4,2024,NA
Tomas Soucek,Dani Carvajal,1,4,2024,NA
Pierre Emile Højbjerg,Rodri,1,4,2024,NA
Hamze Abdi Idleh,Dani Carvajal,1,4,2024,NA
Glenson Prince,Rodri,1,4,2024,NA
Jean Carlos López Moscoso,Lamine Yamal,1,4,2024,NA
Enner Valencia,Rodri,1,4,2024,NA
Mohamed Salah,Dani Carvajal,1,4,2024,NA
Nelson Bonilla,Vinícius Jr,1,4,2024,NA
Harry Kane,Vinícius Jr,1,4,2024,NA
Carlos Akapo Martinez,Jude Bellingham,1,4,2024,NA
Karol Mets,Lamine Yamal,1,4,2024,NA
Sifiso Samu Matse,Lionel Messi,1,4,2024,NA
Yared Bayeh Belay,Jude Bellingham,1,4,2024,NA
Hallur Hansson,Dani Carvajal,1,4,2024,NA
Roy Krishna,Rodri,1,4,2024,NA
Lukas Hradecky,Toni Kroos,1,4,2024,NA
Bruno Ecuele Manga,Jude Bellingham,1,4,2024,NA
Omar Colley,Jude Bellingham,1,4,2024,NA
Guram Kashia,Lamine Yamal,1,4,2024,NA
Joshua Kimmich,Florian Wirtz,1,1,2024,NA
Liam Walker,Rodri,1,4,2024,NA
Anastasios Bakasetas,Jude Bellingham,1,4,2024,NA
Aaron Pierre,Lamine Yamal,1,4,2024,NA
Jason Ryan Quitugua Cunliffe,Florian Wirtz,1,4,2024,NA
José Carlos Pinto Samayoa,Rodri,1,4,2024,NA
Issiagia Sylla,Jude Bellingham,1,4,2024,NA
Mama Balde,Dani Carvajal,1,4,2024,NA
Antony Lozano,Vinícius Jr,1,4,2024,NA
Hung Fai Yapp,Vinícius Jr,1,4,2024,NA
Johann Gudmundsson,Dani Carvajal,1,4,2024,NA
Sandesh Jhingan,Vinícius Jr,1,4,2024,NA
Jay Idzes,Jude Bellingham,1,4,2024,NA
Alireza Jahanbakhsh,Dani Carvajal,1,4,2024,NA
Jalal Hassan ,Rodri,1,4,2024,NA
Eliezer Dasa,Rodri,1,4,2024,NA
Gianluigi Donnarumma,Vinícius Jr,1,4,2024,NA
Andre Blake,Lamine Yamal,1,4,2024,NA
Wataru Endo,Rodri,1,4,2024,NA
Ehsan Haddad,Jude Bellingham,1,4,2024,NA
Ashkat Tagybergen,Rodri,1,4,2024,NA
Michael Olunga Ogada,Dani Carvajal,1,4,2024,NA
Heung Min Son,Dani Carvajal,1,4,2024,NA
Amir Rrahmani,Rodri,1,4,2024,NA
Khaled Al Rashidi,Rodri,1,4,2024,NA
Kichin Valerii,Rodri,1,4,2024,NA
Bounphachan Bounkong,Lamine Yamal,1,4,2024,NA
Kristers Tobers,Rodri,1,4,2024,NA
Mohamad Haidar,Lamine Yamal,1,4,2024,NA
Sekhoane Benedict Moerane,Vinícius Jr,1,4,2024,NA
Nicolas Hasler,Vinícius Jr,1,4,2024,NA
Fedor Cernych,Dani Carvajal,1,4,2024,NA
Laurent Jans,Vinícius Jr,1,4,2024,NA
Chan Man,Kylian Mbappé,1,4,2024,NA
Ibrahim Samuel Amada,Dani Carvajal,1,4,2024,NA
John Banda,Dani Carvajal,1,4,2024,NA
Dion Johan Cools,Lamine Yamal,1,4,2024,NA
Ali Samooh,Jude Bellingham,1,4,2024,NA
Yves Bissouma,Lamine Yamal,1,4,2024,NA
Steve Borg,Lamine Yamal,1,4,2024,NA
Yaly Mohamed Dellah,Rodri,1,4,2024,NA
Lindsay Rose,Vinícius Jr,1,4,2024,NA
Edson Omar Alvarez Velazquez,Erling Haaland,1,4,2024,NA
Rata Vadim,Toni Kroos,1,4,2024,NA
Tsendayush Khurelbaatar,Dani Carvajal,1,4,2024,NA
Stevan Jovetic,Rodri,1,4,2024,NA
Alex James Dyer,Jude Bellingham,1,4,2024,NA
Achraf Hakimi,Rodri,1,4,2024,NA
Lwin Maung Maung,Federico Valverde,1,4,2024,NA
Riaan Hanamub,Rodri,1,4,2024,NA
Kiran Limbu Chemjong,Florian Wirtz,1,4,2024,NA
Virgil Van Dijk,Rodri,1,4,2024,NA
Morgan Mathelon,Dani Carvajal,1,4,2024,NA
Chris Wood,Jude Bellingham,1,4,2024,NA
Juan Barrera,Federico Valverde,1,4,2024,NA
Youssouf Oumarou,Rodri,1,4,2024,NA
William Ekong,Rodri,1,4,2024,NA
Enis Bardhi,Erling Haaland,1,4,2024,NA
Paddy Mcnair,Lamine Yamal,1,4,2024,NA
Martin Odegaard,Erling Haaland,1,1,2024,NA
Mohammed Al Musallami,Jude Bellingham,1,4,2024,NA
Abdullah Iqbal,Dani Carvajal,1,4,2024,NA
Musab Battat,Lamine Yamal,1,4,2024,NA
Anibal Godoy,Dani Carvajal,1,4,2024,NA
Garem Alwin Komolong,Dani Carvajal,1,4,2024,NA
Gustavo Gomez,Erling Haaland,1,4,2024,NA
Paolo Guerrero,Federico Valverde,1,4,2024,NA
Amani Aguinaldo,Kylian Mbappé,1,4,2024,NA
Robert Lewandowski,Dani Carvajal,1,4,2024,NA
Bernardo Silva,Erling Haaland,1,4,2024,NA
Leandro Antonetti,Rodri,1,4,2024,NA
Akram Afif,Jude Bellingham,1,4,2024,NA
Seamus Coleman,Dani Carvajal,1,4,2024,NA
Nicolae Stanciu,Rodri,1,4,2024,NA
Aleksandr Golovin,Vinícius Jr,1,4,2024,NA
Djihad Bizimana ,Lionel Messi,1,4,2024,NA
Andrew Setefano,Toni Kroos,1,4,2024,NA
Matteo Vitaioli,Rodri,1,4,2024,NA
Luis Anjos,Rodri,1,4,2024,NA
Salem Aldawsari,Lamine Yamal,1,4,2024,NA
Kalidou Koulibaly,Rodri,1,4,2024,NA
Aleksandar Mitrovic,Rodri,1,4,2024,NA
Elie Nelson Jr Sopha,Jude Bellingham,1,4,2024,NA
Mustapha Bundu,Dani Carvajal,1,4,2024,NA
Hariss Harun,Jude Bellingham,1,4,2024,NA
Milan Škriniar,Vinícius Jr,1,4,2024,NA
Jan Oblak,Toni Kroos,1,4,2024,NA
Javin Alick,Lamine Yamal,1,4,2024,NA
Abdulsamed Abdullahi,Jude Bellingham,1,4,2024,NA
Ronwen Williams,Dani Carvajal,1,4,2024,NA
Peter Mabok,Jude Bellingham,1,4,2024,NA
Alvaro Morata Martin,Lamine Yamal,1,1,2024,NA
Sujan Perera,Toni Kroos,1,4,2024,NA
Julani Archibald,Rodri,1,4,2024,NA
Oalex Anderson,Kylian Mbappé,1,4,2024,NA
Victor Lindelof,Erling Haaland,1,4,2024,NA
Granit Xhaka,Vinícius Jr,1,4,2024,NA
Teaonui Tehau,Jude Bellingham,1,4,2024,NA
Akhtam Nazarov,Vinícius Jr,1,4,2024,NA
Mbwana Ally Samatta,Dani Carvajal,1,4,2024,NA
Chanathip Songkrasin,Jude Bellingham,1,4,2024,NA
Gali Freitas,Federico Valverde,1,4,2024,NA
Dakonam Ortega Djene,Lamine Yamal,1,4,2024,NA
Hemaloto Polovili,Lamine Yamal,1,4,2024,NA
Aubrey David,Rodri,1,4,2024,NA
Ali Abdi,Lamine Yamal,1,4,2024,NA
Hakan Calhanoglu,Florian Wirtz,1,4,2024,NA
Arslanmyrat Amanov,Lamine Yamal,1,4,2024,NA
Billy Forbes,Dani Carvajal,1,4,2024,NA
Aucho Khalid,Rodri,1,4,2024,NA
Mykola Matvienko,Florian Wirtz,1,4,2024,NA
Ali Khaseif,Toni Kroos,1,4,2024,NA
Jose Gimenez,Erling Haaland,1,4,2024,NA
Terrence Jones,Erling Haaland,1,4,2024,NA
Tim Ream,Jude Bellingham,1,4,2024,NA
Eldor Shomurodov,Erling Haaland,1,4,2024,NA
Brian Kaltak,Vinícius Jr,1,4,2024,NA
Tomas Rincon,Toni Kroos,1,4,2024,NA
Manh Do,Erling Haaland,1,4,2024,NA
Aaron Ramsey,Jude Bellingham,1,4,2024,NA
Abdulwasea Al-Matari,Lamine Yamal,1,4,2024,NA
Lubambo Musonda,Lamine Yamal,1,4,2024,NA
Usmon Toshev,Lamine Yamal,1,4,2024,NA
Sylvio Mendes Campos,Jude Bellingham,1,4,2024,NA
Vladimir Petkovic,Federico Valverde,1,4,2024,NA
Koldo Alvarez De Eulate,Lamine Yamal,1,4,2024,NA
Pedro Valdemar Soares Gonçalves,Dani Carvajal,1,4,2024,NA
Mikele Leigertwood,Lamine Yamal,1,4,2024,NA
Lionel Scaloni,Jude Bellingham,1,4,2024,NA
Suren Chakhalyan,Lamine Yamal,1,4,2024,NA
Marvic Bermudez,Vinícius Jr,1,4,2024,NA
Tony Popovic,Erling Haaland,1,4,2024,NA
Ralf Rangnick,Florian Wirtz,1,4,2024,NA
Fernando Santos,Rodri,1,4,2024,NA
Nesly Jean,Kylian Mbappé,1,4,2024,NA
Dragan Talajic,Erling Haaland,1,4,2024,NA
Javier Cabrera,Dani Carvajal,1,4,2024,NA
Kent Edward Hall,Rodri,1,4,2024,NA
Carlos Alos Ferrer,Lamine Yamal,1,4,2024,NA
Domenico Tedesco,Erling Haaland,1,4,2024,NA
Carlos Slusher,Dani Carvajal,1,4,2024,NA
Gernot Rohr,Lamine Yamal,1,4,2024,NA
Michael Findlay,Jude Bellingham,1,4,2024,NA
Atsushi Nakamura,Vinícius Jr,1,4,2024,NA
Oscar Villegas,Lamine Yamal,1,4,2024,NA
Sergej Barbarez,Florian Wirtz,1,4,2024,NA
Morena Ramoreboli,Jude Bellingham,1,4,2024,NA
Dorival Silvestre Júnior,Lamine Yamal,1,4,2024,NA
Vinicius Eutropio,Lamine Yamal,1,4,2024,NA
Ilian Iliev,Rodri,1,4,2024,NA
Brama Traoré,Dani Carvajal,1,4,2024,NA
Patrick Sangwa,Jude Bellingham,1,4,2024,NA
Pedro Leitão Brito,Dani Carvajal,1,4,2024,NA
Koji Gyotoku,Rodri,1,4,2024,NA
Martin Felix Ndtoungou Mpile,Jude Bellingham,1,4,2024,NA
Jesse Marsch,Vinícius Jr,1,4,2024,NA
Joey Mark Jap Tjong,Erling Haaland,1,4,2024,NA
Eloge Enza-Yamissi,Lamine Yamal,1,4,2024,NA
Djimtan Yamtamadji,Toni Kroos,1,4,2024,NA
Ricardo Alberto Gareca,Federico Valverde,1,4,2024,NA
Branko Ivankovic,Dani Carvajal,1,4,2024,NA
Gary White,Toni Kroos,1,4,2024,NA
Néstor Lorenzo,Vinícius Jr,1,4,2024,NA
Stefano Cusin,Erling Haaland,1,4,2024,NA
Barthélémy Ngastono,Jude Bellingham,1,4,2024,NA
Sébastien Desabre,Erling Haaland,1,4,2024,NA
Tuka Tisam,Toni Kroos,1,4,2024,NA
Paulo Wanchope,Toni Kroos,1,4,2024,NA
Emerse Fae,Florian Wirtz,1,4,2024,NA
Yunielys Castillo Carmenate,Rodri,1,4,2024,NA
Sofronis Avgousti,Toni Kroos,1,4,2024,NA
Ivan Hasek,Vinícius Jr,1,4,2024,NA
Brian Riemer,Lamine Yamal,1,4,2024,NA
Abdirahman Okieh Hadi,Jude Bellingham,1,4,2024,NA
Marcelo Neveleff,Florian Wirtz,1,4,2024,NA
Sebastián Beccacece,Lamine Yamal,1,4,2024,NA
Hossam Hassan,Jude Bellingham,1,4,2024,NA
David Dóniga Lara,Dani Carvajal,1,4,2024,NA
Lee Carsley,Lamine Yamal,1,4,2024,NA
Juan Micha Obiang Bicogo,Kylian Mbappé,1,4,2024,NA
Jürgen Henn,Vinícius Jr,1,4,2024,NA
Zdravko Logarusic,Rodri,1,4,2024,NA
Messay Teferi,Jude Bellingham,1,4,2024,NA
Eydun Klakstein,Erling Haaland,1,4,2024,NA
Sherman Rob,Kylian Mbappé,1,4,2024,NA
Markku Kanerva,Dani Carvajal,1,4,2024,NA
Didier Deschamps,Rodri,1,4,2024,NA
Thierry Mouyouma,Jude Bellingham,1,4,2024,NA
Johnathan Mckinstry,Jude Bellingham,1,4,2024,NA
Willy Sagnol,Toni Kroos,1,4,2024,NA
Julian Nagelsmann,Toni Kroos,1,1,2024,NA
Nana Otto Addo,Vinícius Jr,1,4,2024,NA
Julio Ribas,Dani Carvajal,1,4,2024,NA
Ivan Jovanovic,Jude Bellingham,1,4,2024,NA
Ross Awa,Dani Carvajal,1,4,2024,NA
Luis Fernando Tena Garduño,Jude Bellingham,1,4,2024,NA
Michel Dussuyer,Lamine Yamal,1,4,2024,NA
Luis Boa Morte,Rodri,1,4,2024,NA
Wayne Dover,Jude Bellingham,1,4,2024,NA
Sébastien Migné,Vinícius Jr,1,4,2024,NA
Reinaldo Rueda Rivera,Federico Valverde,1,4,2024,NA
Ashley Westwood,Jude Bellingham,1,4,2024,NA
Marco Rossi,Florian Wirtz,1,4,2024,NA
David Snorri Jonasson,Dani Carvajal,1,4,2024,NA
Manolo Márquez,Lamine Yamal,1,4,2024,NA
Taeyong Shin,Vinícius Jr,1,4,2024,NA
Ardeshir Ghalehnoy,Rodri,1,4,2024,NA
Jesus Casas,Dani Carvajal,1,4,2024,NA
Ran Ben Simon,Erling Haaland,1,4,2024,NA
Luciano Spalletti,Lionel Messi,1,4,2024,NA
Stephen Mcclaren,Lamine Yamal,1,4,2024,NA
Hajime Moriyasu,Kylian Mbappé,1,4,2024,NA
Jamal Sellami,Lamine Yamal,1,4,2024,NA
Cherchesov Stanislav,Jude Bellingham,1,4,2024,NA
Engin Firat,Lamine Yamal,1,4,2024,NA
Yong Nam Sin,Toni Kroos,1,4,2024,NA
Myung Bo Hong,Lamine Yamal,1,4,2024,NA
Franco Foda,Lamine Yamal,1,4,2024,NA
Juan Antonio Pizzi,Dani Carvajal,1,4,2024,NA
Maksim Lisitsyn,Erling Haaland,1,4,2024,NA
Hyeok-Jun Ha,Florian Wirtz,1,4,2024,NA
Paolo Nicolato,Erling Haaland,1,4,2024,NA
Miodrag Radulovic,Lamine Yamal,1,4,2024,NA
Leslie Makhetha Notsi,Vinícius Jr,1,4,2024,NA
Thomas S. Kojo,Erling Haaland,1,4,2024,NA
Abubaker Alherk,Vinícius Jr,1,4,2024,NA
Konrad Fünfstück,Dani Carvajal,1,4,2024,NA
Edgaras Jankauskas,Florian Wirtz,1,4,2024,NA
Luc Holtz,Erling Haaland,1,4,2024,NA
Kar Lok Kenneth Kwok,Jude Bellingham,1,4,2024,NA
Romuald Felix Rakotondrabe,Dani Carvajal,1,4,2024,NA
Kalisto Pasuwa,Erling Haaland,1,4,2024,NA
Pau Marti Vicente,Rodri,1,4,2024,NA
Ali Suzain,Rodri,1,4,2024,NA
Tom Saintfiet,Vinícius Jr,1,4,2024,NA
Davide Mazzotta,Kylian Mbappé,1,4,2024,NA
Aritz López Garay,Lionel Messi,1,4,2024,NA
Guillaume Moullec,Vinícius Jr,1,4,2024,NA
Javier Aguirre,Lamine Yamal,1,4,2024,NA
Serghei Clescenco,Erling Haaland,1,4,2024,NA
Garidmagnai Bayasgalan,Vinícius Jr,1,4,2024,NA
Robert Prosinecki,Kylian Mbappé,1,4,2024,NA
Walid Regragui,Toni Kroos,1,4,2024,NA
Francisco Queriol Conde Junior,Toni Kroos,1,4,2024,NA
Myo Hlaing Win,Kylian Mbappé,1,4,2024,NA
Collin Benjamin,Dani Carvajal,1,4,2024,NA
Nabin Neupane,Vinícius Jr,1,4,2024,NA
Ronald Koeman,Jude Bellingham,1,4,2024,NA
Johan Sidaner,Toni Kroos,1,4,2024,NA
Darren Bazeley,Vinícius Jr,1,4,2024,NA
Marco Antonio Figueroa Montero,Toni Kroos,1,4,2024,NA
Zakariaou Ibrahim,Florian Wirtz,1,4,2024,NA
Augustine Owen Eguavoen,Rodri,1,4,2024,NA
Blagoja Milevski,Rodri,1,4,2024,NA
Ståle Solbakken,Jude Bellingham,1,4,2024,NA
Wael Elseisi,Kylian Mbappé,1,4,2024,NA
Stephen Constantine,Rodri,1,4,2024,NA
Makram Daboub,Rodri,1,4,2024,NA
Thomas Christiansen,Federico Valverde,1,4,2024,NA
Felipe Vega Arango Alonso,Rodri,1,4,2024,NA
Gustavo Alfaro,Jude Bellingham,1,4,2024,NA
Jorge Daniel Fossati Lurachi,Lionel Messi,1,4,2024,NA
Albert Capellas Herms,Florian Wirtz,1,4,2024,NA
Michał Probierz,Lamine Yamal,1,4,2024,NA
Roberto Martinez,Vinícius Jr,1,4,2024,NA
Charlie Trout,Lionel Messi,1,4,2024,NA
Luis Garcia,Lamine Yamal,1,4,2024,NA
Heimir Hallgrimsson,Erling Haaland,1,4,2024,NA
Mircea Lucescu,Erling Haaland,1,4,2024,NA
Jimmy Mulisa,Rodri,1,4,2024,NA
Jess Ibrom,Toni Kroos,1,4,2024,NA
Roberto Cevoli,Lamine Yamal,1,4,2024,NA
Ricardo Monsanto,Kylian Mbappé,1,4,2024,NA
Herve Renard,Kylian Mbappé,1,4,2024,NA
Steve Clarke,Dani Carvajal,1,4,2024,NA
Pape Bouna Thiaw,Jude Bellingham,1,4,2024,NA
Dragan Stojkovic,Erling Haaland,1,4,2024,NA
Ralph Jean-Louis,Jude Bellingham,1,4,2024,NA
Amidu Karim,Rodri,1,4,2024,NA
Tsutomu Ogura,Toni Kroos,1,4,2024,NA
Francesco Calzona,Erling Haaland,1,4,2024,NA
Matjaž Kek,Dani Carvajal,1,4,2024,NA
Josh Smith,Lamine Yamal,1,4,2024,NA
Yusuf Ali,Jude Bellingham,1,4,2024,NA
Hugo Broos,Lamine Yamal,1,4,2024,NA
Nicolas Dupuis,Toni Kroos,1,4,2024,NA
Luis De La Fuente Castillo,Lamine Yamal,1,1,2024,NA
Abdullah Almutairi,Jude Bellingham,1,4,2024,NA
Stern John,Vinícius Jr,1,4,2024,NA
Ezra Hendrickson,Jude Bellingham,1,4,2024,NA
Stanley Menzo,Toni Kroos,1,4,2024,NA
Jon Dahl Tomasson,Lamine Yamal,1,4,2024,NA
Murat Yakin,Lamine Yamal,1,4,2024,NA
Jose Lana Fernández,Rodri,1,4,2024,NA
Samuel Garcia,Dani Carvajal,1,4,2024,NA
Gela Shekiladze,Dani Carvajal,1,4,2024,NA
Hemed Ali,Vinícius Jr,1,4,2024,NA
Masatada Ishii,Dani Carvajal,1,4,2024,NA
Simon Elissetche,Erling Haaland,1,4,2024,NA
Dare Nibombe,Erling Haaland,1,4,2024,NA
Kilifi Solia Uele,Erling Haaland,1,4,2024,NA
Yaakoubi Kays,Dani Carvajal,1,4,2024,NA
Vincenzo Montella,Rodri,1,4,2024,NA
Mergen Orazov,Rodri,1,4,2024,NA
Aaron Lawrence,Rodri,1,4,2024,NA
Paul Put,Vinícius Jr,1,4,2024,NA
Serhii Rebrov,Vinícius Jr,1,4,2024,NA
Paulo Jorge Gomes Bento,Dani Carvajal,1,4,2024,NA
Marcelo Bielsa,Federico Valverde,1,1,2024,NA
Terrence Jones,Jude Bellingham,1,4,2024,NA
Mauricio Pochettino,Vinícius Jr,1,4,2024,NA
Srecko Katanec,Rodri,1,4,2024,NA
Juliano Antonio Schmeling,Lamine Yamal,1,4,2024,NA
Fernando Batista,Lionel Messi,1,4,2024,NA
Sang Sik Kim,Rodri,1,4,2024,NA
Craig Bellamy,Dani Carvajal,1,4,2024,NA
Noureddine Ouldali,Dani Carvajal,1,4,2024,NA
Michael Nees,Erling Haaland,1,4,2024,NA
Sayer Zaland,Kylian Mbappé,1,4,2024,NA
Endi Tufa,Dani Carvajal,1,4,2024,NA
Mohammed Rachid Belarbi,Rodri,1,4,2024,NA
Victor Duaso Saludas,Lamine Yamal,1,4,2024,NA
Geraldo Quiala,Vinícius Jr,1,4,2024,NA
Claudio Mauri,Toni Kroos,1,4,2024,NA
Robert Gasparyan,Florian Wirtz,1,4,2024,NA
Simon Hill,Dani Carvajal,1,4,2024,NA
Stefan Grüneis,Erling Haaland,1,4,2024,NA
Rasim Mövsümov,Dani Carvajal,1,4,2024,NA
Abdulla Ashoor,Erling Haaland,1,4,2024,NA
Raihan Al Magni,Dani Carvajal,1,4,2024,NA
Anmar Goodridge Boyce,Rodri,1,4,2024,NA
Sergey Nikolaev,Jude Bellingham,1,4,2024,NA
Kristof Terreur,Jude Bellingham,1,4,2024,NA
Senankpon Perez Lekotan,Dani Carvajal,1,4,2024,NA
Namgay Zam,Florian Wirtz,1,4,2024,NA
Rainer Durán Urquizu,Lionel Messi,1,4,2024,NA
Emir Delić,Rodri,1,4,2024,NA
Carlos Eduardo Mansur,Rodri,1,4,2024,NA
Boyan Boychev,Vinícius Jr,1,4,2024,NA
Siriki Dramé,Jude Bellingham,1,4,2024,NA
Liliane Nshimirimana,Lamine Yamal,1,4,2024,NA
Simao Rodrigues,Kylian Mbappé,1,4,2024,NA
Chamroeun Ung,Erling Haaland,1,4,2024,NA
Angu Lesley Ngwa Akonwi,Vinícius Jr,1,4,2024,NA
Neil Davidson,Jude Bellingham,1,4,2024,NA
Raymon Singh,Kylian Mbappé,1,4,2024,NA
Bienvenu Elie Gbelo,Florian Wirtz,1,4,2024,NA
Salahadine Mahamat Sabour,Dani Carvajal,1,4,2024,NA
Danilo Díaz,Vinícius Jr,1,4,2024,NA
Dexing Ma,Jude Bellingham,1,4,2024,NA
Chihwei Hung,Jude Bellingham,1,4,2024,NA
Diego Rueda ,Lamine Yamal,1,4,2024,NA
Djouma Elie-Dine,Jude Bellingham,1,4,2024,NA
Emmanuel Kaba,Rodri,1,4,2024,NA
Michel Tobo,Dani Carvajal,1,4,2024,NA
Rashneel Kumar Madhur,Jude Bellingham,1,4,2024,NA
David Goldberg,Jude Bellingham,1,4,2024,NA
Magloire Gnae Oulidehi,Jude Bellingham,1,4,2024,NA
Robert Matteoni,Toni Kroos,1,4,2024,NA
Yasiel Cancio,Toni Kroos,1,4,2024,NA
Carl Ruiter,Dani Carvajal,1,4,2024,NA
Andreas Violaris,Vinícius Jr,1,4,2024,NA
Jan Palička,Florian Wirtz,1,4,2024,NA
Klaus Egelund,Vinícius Jr,1,4,2024,NA
Yacin Ahmed Moussa,Jude Bellingham,1,4,2024,NA
Garvin Richards,Vinícius Jr,1,4,2024,NA
Jorge Bauger,Lamine Yamal,1,4,2024,NA
Tito Rosales Cox,Dani Carvajal,1,4,2024,NA
Hady Elmadany,Kylian Mbappé,1,4,2024,NA
Gabriel Campos,Jude Bellingham,1,4,2024,NA
John Cross,Jude Bellingham,1,1,2024,NA
Michael Seium,Jude Bellingham,1,4,2024,NA
Aet Suvari,Jude Bellingham,1,4,2024,NA
Hussen Abdulkeni,Dani Carvajal,1,4,2024,NA
Símun Christian Olsen,Jude Bellingham,1,4,2024,NA
Indra Singh,Vinícius Jr,1,4,2024,NA
Ari Virtanen,Erling Haaland,1,4,2024,NA
Cyrille De La Morinerie,Jude Bellingham,1,4,2024,NA
Pablo Moussodji Ngoma,Rodri,1,4,2024,NA
Baboucarr Camara,Dani Carvajal,1,4,2024,NA
Mamuka Kvaratskhelia,Erling Haaland,1,4,2024,NA
Georg Holzner,Florian Wirtz,1,1,2024,NA
Gary Al Smith,Dani Carvajal,1,4,2024,NA
Stephen Ignacio,Kylian Mbappé,1,4,2024,NA
Nikolaos Kotsis,Lamine Yamal,1,4,2024,NA
Michael Bascombe,Kylian Mbappé,1,4,2024,NA
Joseph Santo Tomas,Lionel Messi,1,4,2024,NA
Carlos Marín Noriega,Lamine Yamal,1,4,2024,NA
Alpha Mady Touré,Lamine Yamal,1,4,2024,NA
Sene Camara,Jude Bellingham,1,4,2024,NA
Rawle Toney,Lamine Yamal,1,4,2024,NA
Lutherson Leon,Dani Carvajal,1,4,2024,NA
Gonzalo Carias,Dani Carvajal,1,4,2024,NA
Ho Yin Kwok,Jude Bellingham,1,4,2024,NA
György Szöllösi,Vinícius Jr,1,4,2024,NA
Vidir Sigurdsson,Jude Bellingham,1,4,2024,NA
Dhiman Sarkar,Vinícius Jr,1,4,2024,NA
Triono Subagyo,Jude Bellingham,1,4,2024,NA
Masoud Hossein,Erling Haaland,1,4,2024,NA
Arshed Alsaedi,Dani Carvajal,1,4,2024,NA
Uri Dagon,Rodri,1,4,2024,NA
Pierluigi Pardo,Lamine Yamal,1,4,2024,NA
Brian Lewis,Lamine Yamal,1,4,2024,NA
Hideo Tamaru,Vinícius Jr,1,4,2024,NA
Taiser Alomiri,Rodri,1,4,2024,NA
Geniy Tulegenov,Erling Haaland,1,4,2024,NA
Eric Njiru,Dani Carvajal,1,4,2024,NA
Gun Lee,Jude Bellingham,1,4,2024,NA
Valon Konushevci,Lamine Yamal,1,4,2024,NA
Abdulaziz Jassim,Federico Valverde,1,4,2024,NA
Bakyt Shukuraliev,Vinícius Jr,1,4,2024,NA
Ekasanh Thipphachack,Erling Haaland,1,4,2024,NA
Ilvars Koscinkevics,Jude Bellingham,1,4,2024,NA
Mike Chalhoub,Lamine Yamal,1,4,2024,NA
Moorosi Simon Tsiane,Toni Kroos,1,4,2024,NA
Anthony Kokoi,Jude Bellingham,1,4,2024,NA
Haithem Elamari,Lamine Yamal,1,4,2024,NA
Jan Stärker,Rodri,1,4,2024,NA
Mindaugas Augustis,Vinícius Jr,1,4,2024,NA
Petz Lahure,Lamine Yamal,1,4,2024,NA
Pedro Maia,Florian Wirtz,1,4,2024,NA
Ajitpal Singh Dhaliwal,Lionel Messi,1,4,2024,NA
Shimaaz Ali,Erling Haaland,1,4,2024,NA
Boubacar Diakite,Vinícius Jr,1,4,2024,NA
Domenic Aquilina,Rodri,1,4,2024,NA
Brahim Sow Deïna,Dani Carvajal,1,4,2024,NA
Francisco Javier González,Dani Carvajal,1,4,2024,NA
Alex Fosa,Kylian Mbappé,1,4,2024,NA
Enkhtuvshin Tserensodnom,Vinícius Jr,1,4,2024,NA
Danilo Mitrovic,Vinícius Jr,1,4,2024,NA
Jalal Bouzrara,Rodri,1,4,2024,NA
João Arnaldo Carlija Chivale,Rodri,1,4,2024,NA
Bikram Thapa,Kylian Mbappé,1,4,2024,NA
Jaap De Groot,Lionel Messi,1,4,2024,NA
Martin Charmasson,Lamine Yamal,1,4,2024,NA
Michael Burgess,Jude Bellingham,1,4,2024,NA
Jose Nectali Mora Zeledon,Florian Wirtz,1,4,2024,NA
Abdel Malik Koudizé,Rodri,1,4,2024,NA
Oluwashina Okeleji,Jude Bellingham,1,4,2024,NA
Mijalche Durgutov,Dani Carvajal,1,4,2024,NA
Mark Mcintosh,Vinícius Jr,1,4,2024,NA
Morten Pedersen,Erling Haaland,1,1,2024,NA
Ashok Purohit,Rodri,1,4,2024,NA
Majdi Qasem,Dani Carvajal,1,4,2024,NA
David Samudio Garay,Jude Bellingham,1,4,2024,NA
Patricia Keamo,Jude Bellingham,1,4,2024,NA
Edgar Cantero,Toni Kroos,1,4,2024,NA
Pedro Eduardo Canelo Quispe,Jude Bellingham,1,4,2024,NA
Ryan Fenix,Florian Wirtz,1,4,2024,NA
Michal Pol,Rodri,1,4,2024,NA
Vítor Serpa,Vinícius Jr,1,4,2024,NA
Esteban Pagán Rivera,Jude Bellingham,1,4,2024,NA
Ali Almslmani,Jude Bellingham,1,4,2024,NA
Philip Quinn,Erling Haaland,1,4,2024,NA
Theodor Jumatate,Jude Bellingham,1,4,2024,NA
Oleg Koshelev,Dani Carvajal,1,4,2024,NA
Eddie Nsabimana,Jude Bellingham,1,4,2024,NA
Vaelei Von Dincklage,Kylian Mbappé,1,4,2024,NA
Elia Gorini,Dani Carvajal,1,4,2024,NA
Suahills Dende,Kylian Mbappé,1,4,2024,NA
Sultan Almohawes,Jude Bellingham,1,4,2024,NA
Scott Mcdermott,Dani Carvajal,1,4,2024,NA
Thierno Souleymane Diallo,Lionel Messi,1,4,2024,NA
Milan Rasevic,Vinícius Jr,1,4,2024,NA
Sahr Morris Jr,Rodri,1,4,2024,NA
David Lee,Jude Bellingham,1,4,2024,NA
Michal Zeman,Toni Kroos,1,4,2024,NA
Anze Baselj,Vinícius Jr,1,4,2024,NA
Crofton Utukana,Lamine Yamal,1,4,2024,NA
Gamadiid Guurre,Lamine Yamal,1,4,2024,NA
Robert Marawa,Toni Kroos,1,4,2024,NA
Albino Kuek Deng Kuach,Toni Kroos,1,4,2024,NA
Juan Ignacio Gallardo,Toni Kroos,1,4,2024,NA
Neville Victor Anthony,Erling Haaland,1,4,2024,NA
Terry Finisterre,Vinícius Jr,1,4,2024,NA
Desney Romeo,Dani Carvajal,1,4,2024,NA
Simon Bank,Dani Carvajal,1,4,2024,NA
Tobias Wedermann,Jude Bellingham,1,4,2024,NA
Mohamad Nadim Aljabi,Dani Carvajal,1,4,2024,NA
Olivier Huc,Jude Bellingham,1,4,2024,NA
Faridun Saliev,Vinícius Jr,1,4,2024,NA
Evance Mhando,Lionel Messi,1,4,2024,NA
Kim Junumporn,Vinícius Jr,1,4,2024,NA
Guedes Jose,Rodri,1,4,2024,NA
Sylvestre Gounoubou,Lionel Messi,1,4,2024,NA
Justin Akauola,Lionel Messi,1,4,2024,NA
Ian Prescott,Jude Bellingham,1,4,2024,NA
Tarek Ghdiri,Vinícius Jr,1,4,2024,NA
Mehmet Arslan,Erling Haaland,1,4,2024,NA
Alexander Vershinin,Lamine Yamal,1,4,2024,NA
Faizool Deo,Florian Wirtz,1,4,2024,NA
Mayamba Stephen,Vinícius Jr,1,4,2024,NA
Valerii Novobranets,Erling Haaland,1,4,2024,NA
Omran Mohamed,Jude Bellingham,1,4,2024,NA
Rómulo Martínez Chenlo,Vinícius Jr,1,4,2024,NA
Bill Kiser,Florian Wirtz,1,4,2024,NA
Douglas Mcintyre,Vinícius Jr,1,4,2024,NA
Davron Fayziev,Jude Bellingham,1,4,2024,NA
Harry Atisson,Dani Carvajal,1,4,2024,NA
Humberto Perozo Suárez,Rodri,1,4,2024,NA
Minh Viet Nguyen,Dani Carvajal,1,4,2024,NA
Paul Abbandonato,Dani Carvajal,1,4,2024,NA
Basheer Senan,Dani Carvajal,1,4,2024,NA
Elias Chipepo,Dani Carvajal,1,4,2024,NA
Sikhumbuzo Moyo,Erling Haaland,1,4,2024,NA